START 2_extract_required_key_facts__medical__test_domain_count_2: 100 inputs, 16 workers
PROGRESS 2_extract_required_key_facts__medical__test_domain_count_2: 10/100 inputs; 10 outputs; 0 rejected; 0 screened out
PROGRESS 2_extract_required_key_facts__medical__test_domain_count_2: 20/100 inputs; 20 outputs; 0 rejected; 0 screened out
PROGRESS 2_extract_required_key_facts__medical__test_domain_count_2: 30/100 inputs; 30 outputs; 0 rejected; 0 screened out
PROGRESS 2_extract_required_key_facts__medical__test_domain_count_2: 40/100 inputs; 40 outputs; 0 rejected; 0 screened out
PROGRESS 2_extract_required_key_facts__medical__test_domain_count_2: 50/100 inputs; 50 outputs; 0 rejected; 0 screened out
PROGRESS 2_extract_required_key_facts__medical__test_domain_count_2: 60/100 inputs; 60 outputs; 0 rejected; 0 screened out
PROGRESS 2_extract_required_key_facts__medical__test_domain_count_2: 70/100 inputs; 70 outputs; 0 rejected; 0 screened out
PROGRESS 2_extract_required_key_facts__medical__test_domain_count_2: 80/100 inputs; 80 outputs; 0 rejected; 0 screened out
PROGRESS 2_extract_required_key_facts__medical__test_domain_count_2: 90/100 inputs; 90 outputs; 0 rejected; 0 screened out
PROGRESS 2_extract_required_key_facts__medical__test_domain_count_2: 100/100 inputs; 100 outputs; 0 rejected; 0 screened out
START 2_extract_required_key_facts__legal__test_domain_count_2: 100 inputs, 16 workers
PROGRESS 2_extract_required_key_facts__legal__test_domain_count_2: 10/100 inputs; 10 outputs; 0 rejected; 0 screened out
PROGRESS 2_extract_required_key_facts__legal__test_domain_count_2: 20/100 inputs; 20 outputs; 0 rejected; 0 screened out
PROGRESS 2_extract_required_key_facts__legal__test_domain_count_2: 30/100 inputs; 30 outputs; 0 rejected; 0 screened out
PROGRESS 2_extract_required_key_facts__legal__test_domain_count_2: 40/100 inputs; 40 outputs; 0 rejected; 0 screened out
PROGRESS 2_extract_required_key_facts__legal__test_domain_count_2: 50/100 inputs; 50 outputs; 0 rejected; 0 screened out
PROGRESS 2_extract_required_key_facts__legal__test_domain_count_2: 60/100 inputs; 60 outputs; 0 rejected; 0 screened out
PROGRESS 2_extract_required_key_facts__legal__test_domain_count_2: 70/100 inputs; 70 outputs; 0 rejected; 0 screened out
PROGRESS 2_extract_required_key_facts__legal__test_domain_count_2: 80/100 inputs; 80 outputs; 0 rejected; 0 screened out
PROGRESS 2_extract_required_key_facts__legal__test_domain_count_2: 90/100 inputs; 90 outputs; 0 rejected; 0 screened out
PROGRESS 2_extract_required_key_facts__legal__test_domain_count_2: 100/100 inputs; 100 outputs; 0 rejected; 0 screened out
START 2_extract_required_key_facts__financial__test_domain_count_2: 100 inputs, 16 workers
PROGRESS 2_extract_required_key_facts__financial__test_domain_count_2: 10/100 inputs; 10 outputs; 0 rejected; 0 screened out
PROGRESS 2_extract_required_key_facts__financial__test_domain_count_2: 20/100 inputs; 20 outputs; 0 rejected; 0 screened out
PROGRESS 2_extract_required_key_facts__financial__test_domain_count_2: 30/100 inputs; 30 outputs; 0 rejected; 0 screened out
PROGRESS 2_extract_required_key_facts__financial__test_domain_count_2: 40/100 inputs; 40 outputs; 0 rejected; 0 screened out
PROGRESS 2_extract_required_key_facts__financial__test_domain_count_2: 50/100 inputs; 50 outputs; 0 rejected; 0 screened out
PROGRESS 2_extract_required_key_facts__financial__test_domain_count_2: 60/100 inputs; 60 outputs; 0 rejected; 0 screened out
PROGRESS 2_extract_required_key_facts__financial__test_domain_count_2: 70/100 inputs; 70 outputs; 0 rejected; 0 screened out
PROGRESS 2_extract_required_key_facts__financial__test_domain_count_2: 80/100 inputs; 80 outputs; 0 rejected; 0 screened out
PROGRESS 2_extract_required_key_facts__financial__test_domain_count_2: 90/100 inputs; 90 outputs; 0 rejected; 0 screened out
PROGRESS 2_extract_required_key_facts__financial__test_domain_count_2: 100/100 inputs; 100 outputs; 0 rejected; 0 screened out
START 2_extract_required_key_facts__mathematics__test_domain_count_2: 100 inputs, 16 workers
PROGRESS 2_extract_required_key_facts__mathematics__test_domain_count_2: 10/100 inputs; 10 outputs; 0 rejected; 0 screened out
PROGRESS 2_extract_required_key_facts__mathematics__test_domain_count_2: 20/100 inputs; 20 outputs; 0 rejected; 0 screened out
PROGRESS 2_extract_required_key_facts__mathematics__test_domain_count_2: 30/100 inputs; 30 outputs; 0 rejected; 0 screened out
PROGRESS 2_extract_required_key_facts__mathematics__test_domain_count_2: 40/100 inputs; 40 outputs; 0 rejected; 0 screened out
PROGRESS 2_extract_required_key_facts__mathematics__test_domain_count_2: 50/100 inputs; 50 outputs; 0 rejected; 0 screened out
PROGRESS 2_extract_required_key_facts__mathematics__test_domain_count_2: 60/100 inputs; 60 outputs; 0 rejected; 0 screened out
PROGRESS 2_extract_required_key_facts__mathematics__test_domain_count_2: 70/100 inputs; 70 outputs; 0 rejected; 0 screened out
PROGRESS 2_extract_required_key_facts__mathematics__test_domain_count_2: 80/100 inputs; 80 outputs; 0 rejected; 0 screened out
PROGRESS 2_extract_required_key_facts__mathematics__test_domain_count_2: 90/100 inputs; 90 outputs; 0 rejected; 0 screened out
PROGRESS 2_extract_required_key_facts__mathematics__test_domain_count_2: 100/100 inputs; 100 outputs; 0 rejected; 0 screened out
START 2_extract_required_key_facts__computer_science__test_domain_count_2: 100 inputs, 16 workers
PROGRESS 2_extract_required_key_facts__computer_science__test_domain_count_2: 10/100 inputs; 10 outputs; 0 rejected; 0 screened out
PROGRESS 2_extract_required_key_facts__computer_science__test_domain_count_2: 20/100 inputs; 20 outputs; 0 rejected; 0 screened out
PROGRESS 2_extract_required_key_facts__computer_science__test_domain_count_2: 30/100 inputs; 30 outputs; 0 rejected; 0 screened out
PROGRESS 2_extract_required_key_facts__computer_science__test_domain_count_2: 40/100 inputs; 40 outputs; 0 rejected; 0 screened out
PROGRESS 2_extract_required_key_facts__computer_science__test_domain_count_2: 50/100 inputs; 50 outputs; 0 rejected; 0 screened out
PROGRESS 2_extract_required_key_facts__computer_science__test_domain_count_2: 60/100 inputs; 60 outputs; 0 rejected; 0 screened out
PROGRESS 2_extract_required_key_facts__computer_science__test_domain_count_2: 70/100 inputs; 70 outputs; 0 rejected; 0 screened out
PROGRESS 2_extract_required_key_facts__computer_science__test_domain_count_2: 80/100 inputs; 80 outputs; 0 rejected; 0 screened out
PROGRESS 2_extract_required_key_facts__computer_science__test_domain_count_2: 90/100 inputs; 90 outputs; 0 rejected; 0 screened out
PROGRESS 2_extract_required_key_facts__computer_science__test_domain_count_2: 100/100 inputs; 100 outputs; 0 rejected; 0 screened out
START 2_extract_required_key_facts__geography__test_domain_count_2: 100 inputs, 16 workers
PROGRESS 2_extract_required_key_facts__geography__test_domain_count_2: 10/100 inputs; 10 outputs; 0 rejected; 0 screened out
PROGRESS 2_extract_required_key_facts__geography__test_domain_count_2: 20/100 inputs; 20 outputs; 0 rejected; 0 screened out
PROGRESS 2_extract_required_key_facts__geography__test_domain_count_2: 30/100 inputs; 30 outputs; 0 rejected; 0 screened out
PROGRESS 2_extract_required_key_facts__geography__test_domain_count_2: 40/100 inputs; 40 outputs; 0 rejected; 0 screened out
PROGRESS 2_extract_required_key_facts__geography__test_domain_count_2: 50/100 inputs; 50 outputs; 0 rejected; 0 screened out
PROGRESS 2_extract_required_key_facts__geography__test_domain_count_2: 60/100 inputs; 60 outputs; 0 rejected; 0 screened out
PROGRESS 2_extract_required_key_facts__geography__test_domain_count_2: 70/100 inputs; 70 outputs; 0 rejected; 0 screened out
PROGRESS 2_extract_required_key_facts__geography__test_domain_count_2: 80/100 inputs; 80 outputs; 0 rejected; 0 screened out
PROGRESS 2_extract_required_key_facts__geography__test_domain_count_2: 90/100 inputs; 90 outputs; 0 rejected; 0 screened out
PROGRESS 2_extract_required_key_facts__geography__test_domain_count_2: 100/100 inputs; 100 outputs; 0 rejected; 0 screened out
START 2_extract_required_key_facts__chemistry__test_domain_count_2: 100 inputs, 16 workers
PROGRESS 2_extract_required_key_facts__chemistry__test_domain_count_2: 10/100 inputs; 10 outputs; 0 rejected; 0 screened out
PROGRESS 2_extract_required_key_facts__chemistry__test_domain_count_2: 20/100 inputs; 20 outputs; 0 rejected; 0 screened out
PROGRESS 2_extract_required_key_facts__chemistry__test_domain_count_2: 30/100 inputs; 30 outputs; 0 rejected; 0 screened out
PROGRESS 2_extract_required_key_facts__chemistry__test_domain_count_2: 40/100 inputs; 40 outputs; 0 rejected; 0 screened out
PROGRESS 2_extract_required_key_facts__chemistry__test_domain_count_2: 50/100 inputs; 50 outputs; 0 rejected; 0 screened out
PROGRESS 2_extract_required_key_facts__chemistry__test_domain_count_2: 60/100 inputs; 60 outputs; 0 rejected; 0 screened out
PROGRESS 2_extract_required_key_facts__chemistry__test_domain_count_2: 70/100 inputs; 70 outputs; 0 rejected; 0 screened out
PROGRESS 2_extract_required_key_facts__chemistry__test_domain_count_2: 80/100 inputs; 80 outputs; 0 rejected; 0 screened out
PROGRESS 2_extract_required_key_facts__chemistry__test_domain_count_2: 90/100 inputs; 90 outputs; 0 rejected; 0 screened out
PROGRESS 2_extract_required_key_facts__chemistry__test_domain_count_2: 100/100 inputs; 100 outputs; 0 rejected; 0 screened out
START 2_extract_required_key_facts__medical__test_domain_count_3: 100 inputs, 16 workers
PROGRESS 2_extract_required_key_facts__medical__test_domain_count_3: 10/100 inputs; 10 outputs; 0 rejected; 0 screened out
PROGRESS 2_extract_required_key_facts__medical__test_domain_count_3: 20/100 inputs; 20 outputs; 0 rejected; 0 screened out
PROGRESS 2_extract_required_key_facts__medical__test_domain_count_3: 30/100 inputs; 30 outputs; 0 rejected; 0 screened out
PROGRESS 2_extract_required_key_facts__medical__test_domain_count_3: 40/100 inputs; 40 outputs; 0 rejected; 0 screened out
PROGRESS 2_extract_required_key_facts__medical__test_domain_count_3: 50/100 inputs; 50 outputs; 0 rejected; 0 screened out
PROGRESS 2_extract_required_key_facts__medical__test_domain_count_3: 60/100 inputs; 60 outputs; 0 rejected; 0 screened out
PROGRESS 2_extract_required_key_facts__medical__test_domain_count_3: 70/100 inputs; 70 outputs; 0 rejected; 0 screened out
PROGRESS 2_extract_required_key_facts__medical__test_domain_count_3: 80/100 inputs; 80 outputs; 0 rejected; 0 screened out
PROGRESS 2_extract_required_key_facts__medical__test_domain_count_3: 90/100 inputs; 90 outputs; 0 rejected; 0 screened out
PROGRESS 2_extract_required_key_facts__medical__test_domain_count_3: 100/100 inputs; 100 outputs; 0 rejected; 0 screened out
START 2_extract_required_key_facts__legal__test_domain_count_3: 100 inputs, 16 workers
PROGRESS 2_extract_required_key_facts__legal__test_domain_count_3: 10/100 inputs; 10 outputs; 0 rejected; 0 screened out
PROGRESS 2_extract_required_key_facts__legal__test_domain_count_3: 20/100 inputs; 20 outputs; 0 rejected; 0 screened out
PROGRESS 2_extract_required_key_facts__legal__test_domain_count_3: 30/100 inputs; 30 outputs; 0 rejected; 0 screened out
PROGRESS 2_extract_required_key_facts__legal__test_domain_count_3: 40/100 inputs; 40 outputs; 0 rejected; 0 screened out
PROGRESS 2_extract_required_key_facts__legal__test_domain_count_3: 50/100 inputs; 50 outputs; 0 rejected; 0 screened out
PROGRESS 2_extract_required_key_facts__legal__test_domain_count_3: 60/100 inputs; 60 outputs; 0 rejected; 0 screened out
PROGRESS 2_extract_required_key_facts__legal__test_domain_count_3: 70/100 inputs; 70 outputs; 0 rejected; 0 screened out
PROGRESS 2_extract_required_key_facts__legal__test_domain_count_3: 80/100 inputs; 80 outputs; 0 rejected; 0 screened out
PROGRESS 2_extract_required_key_facts__legal__test_domain_count_3: 90/100 inputs; 90 outputs; 0 rejected; 0 screened out
PROGRESS 2_extract_required_key_facts__legal__test_domain_count_3: 100/100 inputs; 100 outputs; 0 rejected; 0 screened out
START 2_extract_required_key_facts__financial__test_domain_count_3: 100 inputs, 16 workers
PROGRESS 2_extract_required_key_facts__financial__test_domain_count_3: 10/100 inputs; 10 outputs; 0 rejected; 0 screened out
PROGRESS 2_extract_required_key_facts__financial__test_domain_count_3: 20/100 inputs; 20 outputs; 0 rejected; 0 screened out
PROGRESS 2_extract_required_key_facts__financial__test_domain_count_3: 30/100 inputs; 30 outputs; 0 rejected; 0 screened out
PROGRESS 2_extract_required_key_facts__financial__test_domain_count_3: 40/100 inputs; 40 outputs; 0 rejected; 0 screened out
PROGRESS 2_extract_required_key_facts__financial__test_domain_count_3: 50/100 inputs; 50 outputs; 0 rejected; 0 screened out
PROGRESS 2_extract_required_key_facts__financial__test_domain_count_3: 60/100 inputs; 60 outputs; 0 rejected; 0 screened out
PROGRESS 2_extract_required_key_facts__financial__test_domain_count_3: 70/100 inputs; 70 outputs; 0 rejected; 0 screened out
PROGRESS 2_extract_required_key_facts__financial__test_domain_count_3: 80/100 inputs; 80 outputs; 0 rejected; 0 screened out
PROGRESS 2_extract_required_key_facts__financial__test_domain_count_3: 90/100 inputs; 90 outputs; 0 rejected; 0 screened out
PROGRESS 2_extract_required_key_facts__financial__test_domain_count_3: 100/100 inputs; 100 outputs; 0 rejected; 0 screened out
START 2_extract_required_key_facts__mathematics__test_domain_count_3: 100 inputs, 16 workers
PROGRESS 2_extract_required_key_facts__mathematics__test_domain_count_3: 10/100 inputs; 10 outputs; 0 rejected; 0 screened out
PROGRESS 2_extract_required_key_facts__mathematics__test_domain_count_3: 20/100 inputs; 20 outputs; 0 rejected; 0 screened out
PROGRESS 2_extract_required_key_facts__mathematics__test_domain_count_3: 30/100 inputs; 30 outputs; 0 rejected; 0 screened out
PROGRESS 2_extract_required_key_facts__mathematics__test_domain_count_3: 40/100 inputs; 40 outputs; 0 rejected; 0 screened out
PROGRESS 2_extract_required_key_facts__mathematics__test_domain_count_3: 50/100 inputs; 50 outputs; 0 rejected; 0 screened out
PROGRESS 2_extract_required_key_facts__mathematics__test_domain_count_3: 60/100 inputs; 60 outputs; 0 rejected; 0 screened out
PROGRESS 2_extract_required_key_facts__mathematics__test_domain_count_3: 70/100 inputs; 70 outputs; 0 rejected; 0 screened out
PROGRESS 2_extract_required_key_facts__mathematics__test_domain_count_3: 80/100 inputs; 80 outputs; 0 rejected; 0 screened out
PROGRESS 2_extract_required_key_facts__mathematics__test_domain_count_3: 90/100 inputs; 90 outputs; 0 rejected; 0 screened out
PROGRESS 2_extract_required_key_facts__mathematics__test_domain_count_3: 100/100 inputs; 100 outputs; 0 rejected; 0 screened out
START 2_extract_required_key_facts__computer_science__test_domain_count_3: 100 inputs, 16 workers
PROGRESS 2_extract_required_key_facts__computer_science__test_domain_count_3: 10/100 inputs; 10 outputs; 0 rejected; 0 screened out
PROGRESS 2_extract_required_key_facts__computer_science__test_domain_count_3: 20/100 inputs; 20 outputs; 0 rejected; 0 screened out
PROGRESS 2_extract_required_key_facts__computer_science__test_domain_count_3: 30/100 inputs; 30 outputs; 0 rejected; 0 screened out
PROGRESS 2_extract_required_key_facts__computer_science__test_domain_count_3: 40/100 inputs; 40 outputs; 0 rejected; 0 screened out
PROGRESS 2_extract_required_key_facts__computer_science__test_domain_count_3: 50/100 inputs; 50 outputs; 0 rejected; 0 screened out
PROGRESS 2_extract_required_key_facts__computer_science__test_domain_count_3: 60/100 inputs; 60 outputs; 0 rejected; 0 screened out
PROGRESS 2_extract_required_key_facts__computer_science__test_domain_count_3: 70/100 inputs; 70 outputs; 0 rejected; 0 screened out
PROGRESS 2_extract_required_key_facts__computer_science__test_domain_count_3: 80/100 inputs; 80 outputs; 0 rejected; 0 screened out
PROGRESS 2_extract_required_key_facts__computer_science__test_domain_count_3: 90/100 inputs; 90 outputs; 0 rejected; 0 screened out
PROGRESS 2_extract_required_key_facts__computer_science__test_domain_count_3: 100/100 inputs; 100 outputs; 0 rejected; 0 screened out
START 2_extract_required_key_facts__geography__test_domain_count_3: 100 inputs, 16 workers
PROGRESS 2_extract_required_key_facts__geography__test_domain_count_3: 10/100 inputs; 10 outputs; 0 rejected; 0 screened out
PROGRESS 2_extract_required_key_facts__geography__test_domain_count_3: 20/100 inputs; 20 outputs; 0 rejected; 0 screened out
PROGRESS 2_extract_required_key_facts__geography__test_domain_count_3: 30/100 inputs; 30 outputs; 0 rejected; 0 screened out
PROGRESS 2_extract_required_key_facts__geography__test_domain_count_3: 40/100 inputs; 40 outputs; 0 rejected; 0 screened out
PROGRESS 2_extract_required_key_facts__geography__test_domain_count_3: 50/100 inputs; 50 outputs; 0 rejected; 0 screened out
PROGRESS 2_extract_required_key_facts__geography__test_domain_count_3: 60/100 inputs; 60 outputs; 0 rejected; 0 screened out
PROGRESS 2_extract_required_key_facts__geography__test_domain_count_3: 70/100 inputs; 70 outputs; 0 rejected; 0 screened out
PROGRESS 2_extract_required_key_facts__geography__test_domain_count_3: 80/100 inputs; 80 outputs; 0 rejected; 0 screened out
PROGRESS 2_extract_required_key_facts__geography__test_domain_count_3: 90/100 inputs; 90 outputs; 0 rejected; 0 screened out
PROGRESS 2_extract_required_key_facts__geography__test_domain_count_3: 100/100 inputs; 100 outputs; 0 rejected; 0 screened out
START 2_extract_required_key_facts__chemistry__test_domain_count_3: 100 inputs, 16 workers
PROGRESS 2_extract_required_key_facts__chemistry__test_domain_count_3: 10/100 inputs; 10 outputs; 0 rejected; 0 screened out
PROGRESS 2_extract_required_key_facts__chemistry__test_domain_count_3: 20/100 inputs; 20 outputs; 0 rejected; 0 screened out
PROGRESS 2_extract_required_key_facts__chemistry__test_domain_count_3: 30/100 inputs; 30 outputs; 0 rejected; 0 screened out
PROGRESS 2_extract_required_key_facts__chemistry__test_domain_count_3: 40/100 inputs; 40 outputs; 0 rejected; 0 screened out
PROGRESS 2_extract_required_key_facts__chemistry__test_domain_count_3: 50/100 inputs; 50 outputs; 0 rejected; 0 screened out
PROGRESS 2_extract_required_key_facts__chemistry__test_domain_count_3: 60/100 inputs; 60 outputs; 0 rejected; 0 screened out
PROGRESS 2_extract_required_key_facts__chemistry__test_domain_count_3: 70/100 inputs; 70 outputs; 0 rejected; 0 screened out
PROGRESS 2_extract_required_key_facts__chemistry__test_domain_count_3: 80/100 inputs; 80 outputs; 0 rejected; 0 screened out
PROGRESS 2_extract_required_key_facts__chemistry__test_domain_count_3: 90/100 inputs; 90 outputs; 0 rejected; 0 screened out
PROGRESS 2_extract_required_key_facts__chemistry__test_domain_count_3: 100/100 inputs; 100 outputs; 0 rejected; 0 screened out
START 2_extract_required_key_facts__medical__test_domain_count_4: 100 inputs, 16 workers
PROGRESS 2_extract_required_key_facts__medical__test_domain_count_4: 10/100 inputs; 10 outputs; 0 rejected; 0 screened out
PROGRESS 2_extract_required_key_facts__medical__test_domain_count_4: 20/100 inputs; 20 outputs; 0 rejected; 0 screened out
PROGRESS 2_extract_required_key_facts__medical__test_domain_count_4: 30/100 inputs; 30 outputs; 0 rejected; 0 screened out
PROGRESS 2_extract_required_key_facts__medical__test_domain_count_4: 40/100 inputs; 40 outputs; 0 rejected; 0 screened out
PROGRESS 2_extract_required_key_facts__medical__test_domain_count_4: 50/100 inputs; 50 outputs; 0 rejected; 0 screened out
PROGRESS 2_extract_required_key_facts__medical__test_domain_count_4: 60/100 inputs; 60 outputs; 0 rejected; 0 screened out
PROGRESS 2_extract_required_key_facts__medical__test_domain_count_4: 70/100 inputs; 70 outputs; 0 rejected; 0 screened out
PROGRESS 2_extract_required_key_facts__medical__test_domain_count_4: 80/100 inputs; 80 outputs; 0 rejected; 0 screened out
PROGRESS 2_extract_required_key_facts__medical__test_domain_count_4: 90/100 inputs; 90 outputs; 0 rejected; 0 screened out
PROGRESS 2_extract_required_key_facts__medical__test_domain_count_4: 100/100 inputs; 100 outputs; 0 rejected; 0 screened out
START 2_extract_required_key_facts__legal__test_domain_count_4: 100 inputs, 16 workers
PROGRESS 2_extract_required_key_facts__legal__test_domain_count_4: 10/100 inputs; 10 outputs; 0 rejected; 0 screened out
PROGRESS 2_extract_required_key_facts__legal__test_domain_count_4: 20/100 inputs; 20 outputs; 0 rejected; 0 screened out
PROGRESS 2_extract_required_key_facts__legal__test_domain_count_4: 30/100 inputs; 30 outputs; 0 rejected; 0 screened out
PROGRESS 2_extract_required_key_facts__legal__test_domain_count_4: 40/100 inputs; 40 outputs; 0 rejected; 0 screened out
PROGRESS 2_extract_required_key_facts__legal__test_domain_count_4: 50/100 inputs; 50 outputs; 0 rejected; 0 screened out
PROGRESS 2_extract_required_key_facts__legal__test_domain_count_4: 60/100 inputs; 60 outputs; 0 rejected; 0 screened out
PROGRESS 2_extract_required_key_facts__legal__test_domain_count_4: 70/100 inputs; 70 outputs; 0 rejected; 0 screened out
PROGRESS 2_extract_required_key_facts__legal__test_domain_count_4: 80/100 inputs; 80 outputs; 0 rejected; 0 screened out
PROGRESS 2_extract_required_key_facts__legal__test_domain_count_4: 90/100 inputs; 90 outputs; 0 rejected; 0 screened out
PROGRESS 2_extract_required_key_facts__legal__test_domain_count_4: 100/100 inputs; 100 outputs; 0 rejected; 0 screened out
START 2_extract_required_key_facts__financial__test_domain_count_4: 100 inputs, 16 workers
PROGRESS 2_extract_required_key_facts__financial__test_domain_count_4: 10/100 inputs; 10 outputs; 0 rejected; 0 screened out
PROGRESS 2_extract_required_key_facts__financial__test_domain_count_4: 20/100 inputs; 20 outputs; 0 rejected; 0 screened out
PROGRESS 2_extract_required_key_facts__financial__test_domain_count_4: 30/100 inputs; 30 outputs; 0 rejected; 0 screened out
PROGRESS 2_extract_required_key_facts__financial__test_domain_count_4: 40/100 inputs; 40 outputs; 0 rejected; 0 screened out
PROGRESS 2_extract_required_key_facts__financial__test_domain_count_4: 50/100 inputs; 50 outputs; 0 rejected; 0 screened out
PROGRESS 2_extract_required_key_facts__financial__test_domain_count_4: 60/100 inputs; 60 outputs; 0 rejected; 0 screened out
PROGRESS 2_extract_required_key_facts__financial__test_domain_count_4: 70/100 inputs; 70 outputs; 0 rejected; 0 screened out
PROGRESS 2_extract_required_key_facts__financial__test_domain_count_4: 80/100 inputs; 80 outputs; 0 rejected; 0 screened out
PROGRESS 2_extract_required_key_facts__financial__test_domain_count_4: 90/100 inputs; 90 outputs; 0 rejected; 0 screened out
PROGRESS 2_extract_required_key_facts__financial__test_domain_count_4: 100/100 inputs; 100 outputs; 0 rejected; 0 screened out
START 2_extract_required_key_facts__mathematics__test_domain_count_4: 100 inputs, 16 workers
PROGRESS 2_extract_required_key_facts__mathematics__test_domain_count_4: 10/100 inputs; 10 outputs; 0 rejected; 0 screened out
PROGRESS 2_extract_required_key_facts__mathematics__test_domain_count_4: 20/100 inputs; 20 outputs; 0 rejected; 0 screened out
PROGRESS 2_extract_required_key_facts__mathematics__test_domain_count_4: 30/100 inputs; 30 outputs; 0 rejected; 0 screened out
PROGRESS 2_extract_required_key_facts__mathematics__test_domain_count_4: 40/100 inputs; 40 outputs; 0 rejected; 0 screened out
PROGRESS 2_extract_required_key_facts__mathematics__test_domain_count_4: 50/100 inputs; 50 outputs; 0 rejected; 0 screened out
PROGRESS 2_extract_required_key_facts__mathematics__test_domain_count_4: 60/100 inputs; 60 outputs; 0 rejected; 0 screened out
PROGRESS 2_extract_required_key_facts__mathematics__test_domain_count_4: 70/100 inputs; 70 outputs; 0 rejected; 0 screened out
PROGRESS 2_extract_required_key_facts__mathematics__test_domain_count_4: 80/100 inputs; 80 outputs; 0 rejected; 0 screened out
PROGRESS 2_extract_required_key_facts__mathematics__test_domain_count_4: 90/100 inputs; 90 outputs; 0 rejected; 0 screened out
PROGRESS 2_extract_required_key_facts__mathematics__test_domain_count_4: 100/100 inputs; 100 outputs; 0 rejected; 0 screened out
START 2_extract_required_key_facts__computer_science__test_domain_count_4: 100 inputs, 16 workers
PROGRESS 2_extract_required_key_facts__computer_science__test_domain_count_4: 10/100 inputs; 10 outputs; 0 rejected; 0 screened out
PROGRESS 2_extract_required_key_facts__computer_science__test_domain_count_4: 20/100 inputs; 20 outputs; 0 rejected; 0 screened out
PROGRESS 2_extract_required_key_facts__computer_science__test_domain_count_4: 30/100 inputs; 30 outputs; 0 rejected; 0 screened out
PROGRESS 2_extract_required_key_facts__computer_science__test_domain_count_4: 40/100 inputs; 40 outputs; 0 rejected; 0 screened out
PROGRESS 2_extract_required_key_facts__computer_science__test_domain_count_4: 50/100 inputs; 50 outputs; 0 rejected; 0 screened out
PROGRESS 2_extract_required_key_facts__computer_science__test_domain_count_4: 60/100 inputs; 60 outputs; 0 rejected; 0 screened out
PROGRESS 2_extract_required_key_facts__computer_science__test_domain_count_4: 70/100 inputs; 70 outputs; 0 rejected; 0 screened out
PROGRESS 2_extract_required_key_facts__computer_science__test_domain_count_4: 80/100 inputs; 80 outputs; 0 rejected; 0 screened out
PROGRESS 2_extract_required_key_facts__computer_science__test_domain_count_4: 90/100 inputs; 90 outputs; 0 rejected; 0 screened out
PROGRESS 2_extract_required_key_facts__computer_science__test_domain_count_4: 100/100 inputs; 100 outputs; 0 rejected; 0 screened out
START 2_extract_required_key_facts__geography__test_domain_count_4: 100 inputs, 16 workers
PROGRESS 2_extract_required_key_facts__geography__test_domain_count_4: 10/100 inputs; 10 outputs; 0 rejected; 0 screened out
PROGRESS 2_extract_required_key_facts__geography__test_domain_count_4: 20/100 inputs; 20 outputs; 0 rejected; 0 screened out
PROGRESS 2_extract_required_key_facts__geography__test_domain_count_4: 30/100 inputs; 30 outputs; 0 rejected; 0 screened out
PROGRESS 2_extract_required_key_facts__geography__test_domain_count_4: 40/100 inputs; 40 outputs; 0 rejected; 0 screened out
PROGRESS 2_extract_required_key_facts__geography__test_domain_count_4: 50/100 inputs; 50 outputs; 0 rejected; 0 screened out
PROGRESS 2_extract_required_key_facts__geography__test_domain_count_4: 60/100 inputs; 60 outputs; 0 rejected; 0 screened out
PROGRESS 2_extract_required_key_facts__geography__test_domain_count_4: 70/100 inputs; 70 outputs; 0 rejected; 0 screened out
PROGRESS 2_extract_required_key_facts__geography__test_domain_count_4: 80/100 inputs; 80 outputs; 0 rejected; 0 screened out
PROGRESS 2_extract_required_key_facts__geography__test_domain_count_4: 90/100 inputs; 90 outputs; 0 rejected; 0 screened out
PROGRESS 2_extract_required_key_facts__geography__test_domain_count_4: 100/100 inputs; 100 outputs; 0 rejected; 0 screened out
START 2_extract_required_key_facts__chemistry__test_domain_count_4: 100 inputs, 16 workers
PROGRESS 2_extract_required_key_facts__chemistry__test_domain_count_4: 10/100 inputs; 10 outputs; 0 rejected; 0 screened out
PROGRESS 2_extract_required_key_facts__chemistry__test_domain_count_4: 20/100 inputs; 20 outputs; 0 rejected; 0 screened out
PROGRESS 2_extract_required_key_facts__chemistry__test_domain_count_4: 30/100 inputs; 30 outputs; 0 rejected; 0 screened out
PROGRESS 2_extract_required_key_facts__chemistry__test_domain_count_4: 40/100 inputs; 40 outputs; 0 rejected; 0 screened out
PROGRESS 2_extract_required_key_facts__chemistry__test_domain_count_4: 50/100 inputs; 50 outputs; 0 rejected; 0 screened out
PROGRESS 2_extract_required_key_facts__chemistry__test_domain_count_4: 60/100 inputs; 60 outputs; 0 rejected; 0 screened out
PROGRESS 2_extract_required_key_facts__chemistry__test_domain_count_4: 70/100 inputs; 70 outputs; 0 rejected; 0 screened out
PROGRESS 2_extract_required_key_facts__chemistry__test_domain_count_4: 80/100 inputs; 80 outputs; 0 rejected; 0 screened out
PROGRESS 2_extract_required_key_facts__chemistry__test_domain_count_4: 90/100 inputs; 90 outputs; 0 rejected; 0 screened out
PROGRESS 2_extract_required_key_facts__chemistry__test_domain_count_4: 100/100 inputs; 100 outputs; 0 rejected; 0 screened out

Loading checkpoint shards:   0%|          | 0/4 [00:00<?, ?it/s]
Loading checkpoint shards:  25%|██▌       | 1/4 [00:04<00:14,  4.77s/it]
Loading checkpoint shards:  50%|█████     | 2/4 [00:09<00:09,  4.72s/it]
Loading checkpoint shards:  75%|███████▌  | 3/4 [00:14<00:04,  4.68s/it]
Loading checkpoint shards: 100%|██████████| 4/4 [00:14<00:00,  2.96s/it]
Loading checkpoint shards: 100%|██████████| 4/4 [00:14<00:00,  3.60s/it]
Embedding model=/pfs/zhangjun/models/Qwen3-Embedding-8B device=cuda dtype=float16 dimension=4096
You're using a Qwen2TokenizerFast tokenizer. Please note that with a fast tokenizer, using the `__call__` method is faster than using a method to encode the text followed by a call to the `pad` method to get a padded encoding.
{"domain": "medical", "status": "built", "new_vectors": 200, "sources": [{"path": "/pfs/ydy/wyt/cross-x/knowledge/atomic/medical/test.jsonl", "sha256": "0ca32ef1f2a46b282827344db417bacdc38f0499a466a7783ffc22c9c1a0b318", "split": "test"}], "samples": 200, "chunks": 200, "model_config_hash": "264a287421477c53ef9b6f61fdd57237a477e27f36ca9e77127a77ca44ef3fc1"}
{"domain": "legal", "status": "built", "new_vectors": 202, "sources": [{"path": "/pfs/ydy/wyt/cross-x/knowledge/atomic/legal/test.jsonl", "sha256": "e0ce9d4b81ebaed81c73dc5eea672fff348669cfbbf9ab09616e61c494e90f8a", "split": "test"}], "samples": 200, "chunks": 202, "model_config_hash": "264a287421477c53ef9b6f61fdd57237a477e27f36ca9e77127a77ca44ef3fc1"}
{"domain": "financial", "status": "built", "new_vectors": 127, "sources": [{"path": "/pfs/ydy/wyt/cross-x/knowledge/atomic/financial/test.jsonl", "sha256": "48c850242436d9dc6fe5ba4959e624953b267a6fcf6c61a9377d62d67e197592", "split": "test"}], "samples": 127, "chunks": 127, "model_config_hash": "264a287421477c53ef9b6f61fdd57237a477e27f36ca9e77127a77ca44ef3fc1"}
{"domain": "mathematics", "status": "built", "new_vectors": 143, "sources": [{"path": "/pfs/ydy/wyt/cross-x/knowledge/atomic/mathematics/test.jsonl", "sha256": "dd43dab9bd78174cce880eb2b2ac3651d08807b16988fda052fbfc974ca49349", "split": "test"}], "samples": 143, "chunks": 143, "model_config_hash": "264a287421477c53ef9b6f61fdd57237a477e27f36ca9e77127a77ca44ef3fc1"}
{"domain": "computer_science", "status": "built", "new_vectors": 263, "sources": [{"path": "/pfs/ydy/wyt/cross-x/knowledge/atomic/computer_science/test.jsonl", "sha256": "a9604d31c46713b84f7461cdce80d0e214926d5305cc9fc12a554aa091bde3fa", "split": "test"}], "samples": 263, "chunks": 263, "model_config_hash": "264a287421477c53ef9b6f61fdd57237a477e27f36ca9e77127a77ca44ef3fc1"}
{"domain": "geography", "status": "built", "new_vectors": 232, "sources": [{"path": "/pfs/ydy/wyt/cross-x/knowledge/atomic/geography/test.jsonl", "sha256": "d944c9f90149d315ee872372356af754b38c26ec9d78743d8b09219cc19da32f", "split": "test"}], "samples": 229, "chunks": 232, "model_config_hash": "264a287421477c53ef9b6f61fdd57237a477e27f36ca9e77127a77ca44ef3fc1"}
{"domain": "chemistry", "status": "built", "new_vectors": 280, "sources": [{"path": "/pfs/ydy/wyt/cross-x/knowledge/atomic/chemistry/test.jsonl", "sha256": "f476cd3fecf3e04b6af799fffbbb4de26536d364f8e2fab769a6c44c392b09e9", "split": "test"}], "samples": 280, "chunks": 280, "model_config_hash": "264a287421477c53ef9b6f61fdd57237a477e27f36ca9e77127a77ca44ef3fc1"}

Loading checkpoint shards:   0%|          | 0/4 [00:00<?, ?it/s]
Loading checkpoint shards:  25%|██▌       | 1/4 [00:02<00:08,  2.69s/it]
Loading checkpoint shards:  50%|█████     | 2/4 [00:07<00:07,  3.81s/it]
Loading checkpoint shards:  75%|███████▌  | 3/4 [00:12<00:04,  4.43s/it]
Loading checkpoint shards: 100%|██████████| 4/4 [00:12<00:00,  2.80s/it]
Loading checkpoint shards: 100%|██████████| 4/4 [00:12<00:00,  3.19s/it]
Embedding model=/pfs/zhangjun/models/Qwen3-Embedding-8B device=cuda dtype=float16 dimension=4096
You're using a Qwen2TokenizerFast tokenizer. Please note that with a fast tokenizer, using the `__call__` method is faster than using a method to encode the text followed by a call to the `pad` method to get a padded encoding.
Queries embedded: 8/10964
Queries embedded: 16/10964
Queries embedded: 24/10964
Queries embedded: 32/10964
Queries embedded: 40/10964
Queries embedded: 48/10964
Queries embedded: 56/10964
Queries embedded: 64/10964
Queries embedded: 72/10964
Queries embedded: 80/10964
Queries embedded: 88/10964
Queries embedded: 96/10964
Queries embedded: 104/10964
Queries embedded: 112/10964
Queries embedded: 120/10964
Queries embedded: 128/10964
Queries embedded: 136/10964
Queries embedded: 144/10964
Queries embedded: 152/10964
Queries embedded: 160/10964
Queries embedded: 168/10964
Queries embedded: 176/10964
Queries embedded: 184/10964
Queries embedded: 192/10964
Queries embedded: 200/10964
Queries embedded: 208/10964
Queries embedded: 216/10964
Queries embedded: 224/10964
Queries embedded: 232/10964
Queries embedded: 240/10964
Queries embedded: 248/10964
Queries embedded: 256/10964
Queries embedded: 264/10964
Queries embedded: 272/10964
Queries embedded: 280/10964
Queries embedded: 288/10964
Queries embedded: 296/10964
Queries embedded: 304/10964
Queries embedded: 312/10964
Queries embedded: 320/10964
Queries embedded: 328/10964
Queries embedded: 336/10964
Queries embedded: 344/10964
Queries embedded: 352/10964
Queries embedded: 360/10964
Queries embedded: 368/10964
Queries embedded: 376/10964
Queries embedded: 384/10964
Queries embedded: 392/10964
Queries embedded: 400/10964
Queries embedded: 408/10964
Queries embedded: 416/10964
Queries embedded: 424/10964
Queries embedded: 432/10964
Queries embedded: 440/10964
Queries embedded: 448/10964
Queries embedded: 456/10964
Queries embedded: 464/10964
Queries embedded: 472/10964
Queries embedded: 480/10964
Queries embedded: 488/10964
Queries embedded: 496/10964
Queries embedded: 504/10964
Queries embedded: 512/10964
Queries embedded: 520/10964
Queries embedded: 528/10964
Queries embedded: 536/10964
Queries embedded: 544/10964
Queries embedded: 552/10964
Queries embedded: 560/10964
Queries embedded: 568/10964
Queries embedded: 576/10964
Queries embedded: 584/10964
Queries embedded: 592/10964
Queries embedded: 600/10964
Queries embedded: 608/10964
Queries embedded: 616/10964
Queries embedded: 624/10964
Queries embedded: 632/10964
Queries embedded: 640/10964
Queries embedded: 648/10964
Queries embedded: 656/10964
Queries embedded: 664/10964
Queries embedded: 672/10964
Queries embedded: 680/10964
Queries embedded: 688/10964
Queries embedded: 696/10964
Queries embedded: 704/10964
Queries embedded: 712/10964
Queries embedded: 720/10964
Queries embedded: 728/10964
Queries embedded: 736/10964
Queries embedded: 744/10964
Queries embedded: 752/10964
Queries embedded: 760/10964
Queries embedded: 768/10964
Queries embedded: 776/10964
Queries embedded: 784/10964
Queries embedded: 792/10964
Queries embedded: 800/10964
Queries embedded: 808/10964
Queries embedded: 816/10964
Queries embedded: 824/10964
Queries embedded: 832/10964
Queries embedded: 840/10964
Queries embedded: 848/10964
Queries embedded: 856/10964
Queries embedded: 864/10964
Queries embedded: 872/10964
Queries embedded: 880/10964
Queries embedded: 888/10964
Queries embedded: 896/10964
Queries embedded: 904/10964
Queries embedded: 912/10964
Queries embedded: 920/10964
Queries embedded: 928/10964
Queries embedded: 936/10964
Queries embedded: 944/10964
Queries embedded: 952/10964
Queries embedded: 960/10964
Queries embedded: 968/10964
Queries embedded: 976/10964
Queries embedded: 984/10964
Queries embedded: 992/10964
Queries embedded: 1000/10964
Queries embedded: 1008/10964
Queries embedded: 1016/10964
Queries embedded: 1024/10964
Queries embedded: 1032/10964
Queries embedded: 1040/10964
Queries embedded: 1048/10964
Queries embedded: 1056/10964
Queries embedded: 1064/10964
Queries embedded: 1072/10964
Queries embedded: 1080/10964
Queries embedded: 1088/10964
Queries embedded: 1096/10964
Queries embedded: 1104/10964
Queries embedded: 1112/10964
Queries embedded: 1120/10964
Queries embedded: 1128/10964
Queries embedded: 1136/10964
Queries embedded: 1144/10964
Queries embedded: 1152/10964
Queries embedded: 1160/10964
Queries embedded: 1168/10964
Queries embedded: 1176/10964
Queries embedded: 1184/10964
Queries embedded: 1192/10964
Queries embedded: 1200/10964
Queries embedded: 1208/10964
Queries embedded: 1216/10964
Queries embedded: 1224/10964
Queries embedded: 1232/10964
Queries embedded: 1240/10964
Queries embedded: 1248/10964
Queries embedded: 1256/10964
Queries embedded: 1264/10964
Queries embedded: 1272/10964
Queries embedded: 1280/10964
Queries embedded: 1288/10964
Queries embedded: 1296/10964
Queries embedded: 1304/10964
Queries embedded: 1312/10964
Queries embedded: 1320/10964
Queries embedded: 1328/10964
Queries embedded: 1336/10964
Queries embedded: 1344/10964
Queries embedded: 1352/10964
Queries embedded: 1360/10964
Queries embedded: 1368/10964
Queries embedded: 1376/10964
Queries embedded: 1384/10964
Queries embedded: 1392/10964
Queries embedded: 1400/10964
Queries embedded: 1408/10964
Queries embedded: 1416/10964
Queries embedded: 1424/10964
Queries embedded: 1432/10964
Queries embedded: 1440/10964
Queries embedded: 1448/10964
Queries embedded: 1456/10964
Queries embedded: 1464/10964
Queries embedded: 1472/10964
Queries embedded: 1480/10964
Queries embedded: 1488/10964
Queries embedded: 1496/10964
Queries embedded: 1504/10964
Queries embedded: 1512/10964
Queries embedded: 1520/10964
Queries embedded: 1528/10964
Queries embedded: 1536/10964
Queries embedded: 1544/10964
Queries embedded: 1552/10964
Queries embedded: 1560/10964
Queries embedded: 1568/10964
Queries embedded: 1576/10964
Queries embedded: 1584/10964
Queries embedded: 1592/10964
Queries embedded: 1600/10964
Queries embedded: 1608/10964
Queries embedded: 1616/10964
Queries embedded: 1624/10964
Queries embedded: 1632/10964
Queries embedded: 1640/10964
Queries embedded: 1648/10964
Queries embedded: 1656/10964
Queries embedded: 1664/10964
Queries embedded: 1672/10964
Queries embedded: 1680/10964
Queries embedded: 1688/10964
Queries embedded: 1696/10964
Queries embedded: 1704/10964
Queries embedded: 1712/10964
Queries embedded: 1720/10964
Queries embedded: 1728/10964
Queries embedded: 1736/10964
Queries embedded: 1744/10964
Queries embedded: 1752/10964
Queries embedded: 1760/10964
Queries embedded: 1768/10964
Queries embedded: 1776/10964
Queries embedded: 1784/10964
Queries embedded: 1792/10964
Queries embedded: 1800/10964
Queries embedded: 1808/10964
Queries embedded: 1816/10964
Queries embedded: 1824/10964
Queries embedded: 1832/10964
Queries embedded: 1840/10964
Queries embedded: 1848/10964
Queries embedded: 1856/10964
Queries embedded: 1864/10964
Queries embedded: 1872/10964
Queries embedded: 1880/10964
Queries embedded: 1888/10964
Queries embedded: 1896/10964
Queries embedded: 1904/10964
Queries embedded: 1912/10964
Queries embedded: 1920/10964
Queries embedded: 1928/10964
Queries embedded: 1936/10964
Queries embedded: 1944/10964
Queries embedded: 1952/10964
Queries embedded: 1960/10964
Queries embedded: 1968/10964
Queries embedded: 1976/10964
Queries embedded: 1984/10964
Queries embedded: 1992/10964
Queries embedded: 2000/10964
Queries embedded: 2008/10964
Queries embedded: 2016/10964
Queries embedded: 2024/10964
Queries embedded: 2032/10964
Queries embedded: 2040/10964
Queries embedded: 2048/10964
Queries embedded: 2056/10964
Queries embedded: 2064/10964
Queries embedded: 2072/10964
Queries embedded: 2080/10964
Queries embedded: 2088/10964
Queries embedded: 2096/10964
Queries embedded: 2104/10964
Queries embedded: 2112/10964
Queries embedded: 2120/10964
Queries embedded: 2128/10964
Queries embedded: 2136/10964
Queries embedded: 2144/10964
Queries embedded: 2152/10964
Queries embedded: 2160/10964
Queries embedded: 2168/10964
Queries embedded: 2176/10964
Queries embedded: 2184/10964
Queries embedded: 2192/10964
Queries embedded: 2200/10964
Queries embedded: 2208/10964
Queries embedded: 2216/10964
Queries embedded: 2224/10964
Queries embedded: 2232/10964
Queries embedded: 2240/10964
Queries embedded: 2248/10964
Queries embedded: 2256/10964
Queries embedded: 2264/10964
Queries embedded: 2272/10964
Queries embedded: 2280/10964
Queries embedded: 2288/10964
Queries embedded: 2296/10964
Queries embedded: 2304/10964
Queries embedded: 2312/10964
Queries embedded: 2320/10964
Queries embedded: 2328/10964
Queries embedded: 2336/10964
Queries embedded: 2344/10964
Queries embedded: 2352/10964
Queries embedded: 2360/10964
Queries embedded: 2368/10964
Queries embedded: 2376/10964
Queries embedded: 2384/10964
Queries embedded: 2392/10964
Queries embedded: 2400/10964
Queries embedded: 2408/10964
Queries embedded: 2416/10964
Queries embedded: 2424/10964
Queries embedded: 2432/10964
Queries embedded: 2440/10964
Queries embedded: 2448/10964
Queries embedded: 2456/10964
Queries embedded: 2464/10964
Queries embedded: 2472/10964
Queries embedded: 2480/10964
Queries embedded: 2488/10964
Queries embedded: 2496/10964
Queries embedded: 2504/10964
Queries embedded: 2512/10964
Queries embedded: 2520/10964
Queries embedded: 2528/10964
Queries embedded: 2536/10964
Queries embedded: 2544/10964
Queries embedded: 2552/10964
Queries embedded: 2560/10964
Queries embedded: 2568/10964
Queries embedded: 2576/10964
Queries embedded: 2584/10964
Queries embedded: 2592/10964
Queries embedded: 2600/10964
Queries embedded: 2608/10964
Queries embedded: 2616/10964
Queries embedded: 2624/10964
Queries embedded: 2632/10964
Queries embedded: 2640/10964
Queries embedded: 2648/10964
Queries embedded: 2656/10964
Queries embedded: 2664/10964
Queries embedded: 2672/10964
Queries embedded: 2680/10964
Queries embedded: 2688/10964
Queries embedded: 2696/10964
Queries embedded: 2704/10964
Queries embedded: 2712/10964
Queries embedded: 2720/10964
Queries embedded: 2728/10964
Queries embedded: 2736/10964
Queries embedded: 2744/10964
Queries embedded: 2752/10964
Queries embedded: 2760/10964
Queries embedded: 2768/10964
Queries embedded: 2776/10964
Queries embedded: 2784/10964
Queries embedded: 2792/10964
Queries embedded: 2800/10964
Queries embedded: 2808/10964
Queries embedded: 2816/10964
Queries embedded: 2824/10964
Queries embedded: 2832/10964
Queries embedded: 2840/10964
Queries embedded: 2848/10964
Queries embedded: 2856/10964
Queries embedded: 2864/10964
Queries embedded: 2872/10964
Queries embedded: 2880/10964
Queries embedded: 2888/10964
Queries embedded: 2896/10964
Queries embedded: 2904/10964
Queries embedded: 2912/10964
Queries embedded: 2920/10964
Queries embedded: 2928/10964
Queries embedded: 2936/10964
Queries embedded: 2944/10964
Queries embedded: 2952/10964
Queries embedded: 2960/10964
Queries embedded: 2968/10964
Queries embedded: 2976/10964
Queries embedded: 2984/10964
Queries embedded: 2992/10964
Queries embedded: 3000/10964
Queries embedded: 3008/10964
Queries embedded: 3016/10964
Queries embedded: 3024/10964
Queries embedded: 3032/10964
Queries embedded: 3040/10964
Queries embedded: 3048/10964
Queries embedded: 3056/10964
Queries embedded: 3064/10964
Queries embedded: 3072/10964
Queries embedded: 3080/10964
Queries embedded: 3088/10964
Queries embedded: 3096/10964
Queries embedded: 3104/10964
Queries embedded: 3112/10964
Queries embedded: 3120/10964
Queries embedded: 3128/10964
Queries embedded: 3136/10964
Queries embedded: 3144/10964
Queries embedded: 3152/10964
Queries embedded: 3160/10964
Queries embedded: 3168/10964
Queries embedded: 3176/10964
Queries embedded: 3184/10964
Queries embedded: 3192/10964
Queries embedded: 3200/10964
Queries embedded: 3208/10964
Queries embedded: 3216/10964
Queries embedded: 3224/10964
Queries embedded: 3232/10964
Queries embedded: 3240/10964
Queries embedded: 3248/10964
Queries embedded: 3256/10964
Queries embedded: 3264/10964
Queries embedded: 3272/10964
Queries embedded: 3280/10964
Queries embedded: 3288/10964
Queries embedded: 3296/10964
Queries embedded: 3304/10964
Queries embedded: 3312/10964
Queries embedded: 3320/10964
Queries embedded: 3328/10964
Queries embedded: 3336/10964
Queries embedded: 3344/10964
Queries embedded: 3352/10964
Queries embedded: 3360/10964
Queries embedded: 3368/10964
Queries embedded: 3376/10964
Queries embedded: 3384/10964
Queries embedded: 3392/10964
Queries embedded: 3400/10964
Queries embedded: 3408/10964
Queries embedded: 3416/10964
Queries embedded: 3424/10964
Queries embedded: 3432/10964
Queries embedded: 3440/10964
Queries embedded: 3448/10964
Queries embedded: 3456/10964
Queries embedded: 3464/10964
Queries embedded: 3472/10964
Queries embedded: 3480/10964
Queries embedded: 3488/10964
Queries embedded: 3496/10964
Queries embedded: 3504/10964
Queries embedded: 3512/10964
Queries embedded: 3520/10964
Queries embedded: 3528/10964
Queries embedded: 3536/10964
Queries embedded: 3544/10964
Queries embedded: 3552/10964
Queries embedded: 3560/10964
Queries embedded: 3568/10964
Queries embedded: 3576/10964
Queries embedded: 3584/10964
Queries embedded: 3592/10964
Queries embedded: 3600/10964
Queries embedded: 3608/10964
Queries embedded: 3616/10964
Queries embedded: 3624/10964
Queries embedded: 3632/10964
Queries embedded: 3640/10964
Queries embedded: 3648/10964
Queries embedded: 3656/10964
Queries embedded: 3664/10964
Queries embedded: 3672/10964
Queries embedded: 3680/10964
Queries embedded: 3688/10964
Queries embedded: 3696/10964
Queries embedded: 3704/10964
Queries embedded: 3712/10964
Queries embedded: 3720/10964
Queries embedded: 3728/10964
Queries embedded: 3736/10964
Queries embedded: 3744/10964
Queries embedded: 3752/10964
Queries embedded: 3760/10964
Queries embedded: 3768/10964
Queries embedded: 3776/10964
Queries embedded: 3784/10964
Queries embedded: 3792/10964
Queries embedded: 3800/10964
Queries embedded: 3808/10964
Queries embedded: 3816/10964
Queries embedded: 3824/10964
Queries embedded: 3832/10964
Queries embedded: 3840/10964
Queries embedded: 3848/10964
Queries embedded: 3856/10964
Queries embedded: 3864/10964
Queries embedded: 3872/10964
Queries embedded: 3880/10964
Queries embedded: 3888/10964
Queries embedded: 3896/10964
Queries embedded: 3904/10964
Queries embedded: 3912/10964
Queries embedded: 3920/10964
Queries embedded: 3928/10964
Queries embedded: 3936/10964
Queries embedded: 3944/10964
Queries embedded: 3952/10964
Queries embedded: 3960/10964
Queries embedded: 3968/10964
Queries embedded: 3976/10964
Queries embedded: 3984/10964
Queries embedded: 3992/10964
Queries embedded: 4000/10964
Queries embedded: 4008/10964
Queries embedded: 4016/10964
Queries embedded: 4024/10964
Queries embedded: 4032/10964
Queries embedded: 4040/10964
Queries embedded: 4048/10964
Queries embedded: 4056/10964
Queries embedded: 4064/10964
Queries embedded: 4072/10964
Queries embedded: 4080/10964
Queries embedded: 4088/10964
Queries embedded: 4096/10964
Queries embedded: 4104/10964
Queries embedded: 4112/10964
Queries embedded: 4120/10964
Queries embedded: 4128/10964
Queries embedded: 4136/10964
Queries embedded: 4144/10964
Queries embedded: 4152/10964
Queries embedded: 4160/10964
Queries embedded: 4168/10964
Queries embedded: 4176/10964
Queries embedded: 4184/10964
Queries embedded: 4192/10964
Queries embedded: 4200/10964
Queries embedded: 4208/10964
Queries embedded: 4216/10964
Queries embedded: 4224/10964
Queries embedded: 4232/10964
Queries embedded: 4240/10964
Queries embedded: 4248/10964
Queries embedded: 4256/10964
Queries embedded: 4264/10964
Queries embedded: 4272/10964
Queries embedded: 4280/10964
Queries embedded: 4288/10964
Queries embedded: 4296/10964
Queries embedded: 4304/10964
Queries embedded: 4312/10964
Queries embedded: 4320/10964
Queries embedded: 4328/10964
Queries embedded: 4336/10964
Queries embedded: 4344/10964
Queries embedded: 4352/10964
Queries embedded: 4360/10964
Queries embedded: 4368/10964
Queries embedded: 4376/10964
Queries embedded: 4384/10964
Queries embedded: 4392/10964
Queries embedded: 4400/10964
Queries embedded: 4408/10964
Queries embedded: 4416/10964
Queries embedded: 4424/10964
Queries embedded: 4432/10964
Queries embedded: 4440/10964
Queries embedded: 4448/10964
Queries embedded: 4456/10964
Queries embedded: 4464/10964
Queries embedded: 4472/10964
Queries embedded: 4480/10964
Queries embedded: 4488/10964
Queries embedded: 4496/10964
Queries embedded: 4504/10964
Queries embedded: 4512/10964
Queries embedded: 4520/10964
Queries embedded: 4528/10964
Queries embedded: 4536/10964
Queries embedded: 4544/10964
Queries embedded: 4552/10964
Queries embedded: 4560/10964
Queries embedded: 4568/10964
Queries embedded: 4576/10964
Queries embedded: 4584/10964
Queries embedded: 4592/10964
Queries embedded: 4600/10964
Queries embedded: 4608/10964
Queries embedded: 4616/10964
Queries embedded: 4624/10964
Queries embedded: 4632/10964
Queries embedded: 4640/10964
Queries embedded: 4648/10964
Queries embedded: 4656/10964
Queries embedded: 4664/10964
Queries embedded: 4672/10964
Queries embedded: 4680/10964
Queries embedded: 4688/10964
Queries embedded: 4696/10964
Queries embedded: 4704/10964
Queries embedded: 4712/10964
Queries embedded: 4720/10964
Queries embedded: 4728/10964
Queries embedded: 4736/10964
Queries embedded: 4744/10964
Queries embedded: 4752/10964
Queries embedded: 4760/10964
Queries embedded: 4768/10964
Queries embedded: 4776/10964
Queries embedded: 4784/10964
Queries embedded: 4792/10964
Queries embedded: 4800/10964
Queries embedded: 4808/10964
Queries embedded: 4816/10964
Queries embedded: 4824/10964
Queries embedded: 4832/10964
Queries embedded: 4840/10964
Queries embedded: 4848/10964
Queries embedded: 4856/10964
Queries embedded: 4864/10964
Queries embedded: 4872/10964
Queries embedded: 4880/10964
Queries embedded: 4888/10964
Queries embedded: 4896/10964
Queries embedded: 4904/10964
Queries embedded: 4912/10964
Queries embedded: 4920/10964
Queries embedded: 4928/10964
Queries embedded: 4936/10964
Queries embedded: 4944/10964
Queries embedded: 4952/10964
Queries embedded: 4960/10964
Queries embedded: 4968/10964
Queries embedded: 4976/10964
Queries embedded: 4984/10964
Queries embedded: 4992/10964
Queries embedded: 5000/10964
Queries embedded: 5008/10964
Queries embedded: 5016/10964
Queries embedded: 5024/10964
Queries embedded: 5032/10964
Queries embedded: 5040/10964
Queries embedded: 5048/10964
Queries embedded: 5056/10964
Queries embedded: 5064/10964
Queries embedded: 5072/10964
Queries embedded: 5080/10964
Queries embedded: 5088/10964
Queries embedded: 5096/10964
Queries embedded: 5104/10964
Queries embedded: 5112/10964
Queries embedded: 5120/10964
Queries embedded: 5128/10964
Queries embedded: 5136/10964
Queries embedded: 5144/10964
Queries embedded: 5152/10964
Queries embedded: 5160/10964
Queries embedded: 5168/10964
Queries embedded: 5176/10964
Queries embedded: 5184/10964
Queries embedded: 5192/10964
Queries embedded: 5200/10964
Queries embedded: 5208/10964
Queries embedded: 5216/10964
Queries embedded: 5224/10964
Queries embedded: 5232/10964
Queries embedded: 5240/10964
Queries embedded: 5248/10964
Queries embedded: 5256/10964
Queries embedded: 5264/10964
Queries embedded: 5272/10964
Queries embedded: 5280/10964
Queries embedded: 5288/10964
Queries embedded: 5296/10964
Queries embedded: 5304/10964
Queries embedded: 5312/10964
Queries embedded: 5320/10964
Queries embedded: 5328/10964
Queries embedded: 5336/10964
Queries embedded: 5344/10964
Queries embedded: 5352/10964
Queries embedded: 5360/10964
Queries embedded: 5368/10964
Queries embedded: 5376/10964
Queries embedded: 5384/10964
Queries embedded: 5392/10964
Queries embedded: 5400/10964
Queries embedded: 5408/10964
Queries embedded: 5416/10964
Queries embedded: 5424/10964
Queries embedded: 5432/10964
Queries embedded: 5440/10964
Queries embedded: 5448/10964
Queries embedded: 5456/10964
Queries embedded: 5464/10964
Queries embedded: 5472/10964
Queries embedded: 5480/10964
Queries embedded: 5488/10964
Queries embedded: 5496/10964
Queries embedded: 5504/10964
Queries embedded: 5512/10964
Queries embedded: 5520/10964
Queries embedded: 5528/10964
Queries embedded: 5536/10964
Queries embedded: 5544/10964
Queries embedded: 5552/10964
Queries embedded: 5560/10964
Queries embedded: 5568/10964
Queries embedded: 5576/10964
Queries embedded: 5584/10964
Queries embedded: 5592/10964
Queries embedded: 5600/10964
Queries embedded: 5608/10964
Queries embedded: 5616/10964
Queries embedded: 5624/10964
Queries embedded: 5632/10964
Queries embedded: 5640/10964
Queries embedded: 5648/10964
Queries embedded: 5656/10964
Queries embedded: 5664/10964
Queries embedded: 5672/10964
Queries embedded: 5680/10964
Queries embedded: 5688/10964
Queries embedded: 5696/10964
Queries embedded: 5704/10964
Queries embedded: 5712/10964
Queries embedded: 5720/10964
Queries embedded: 5728/10964
Queries embedded: 5736/10964
Queries embedded: 5744/10964
Queries embedded: 5752/10964
Queries embedded: 5760/10964
Queries embedded: 5768/10964
Queries embedded: 5776/10964
Queries embedded: 5784/10964
Queries embedded: 5792/10964
Queries embedded: 5800/10964
Queries embedded: 5808/10964
Queries embedded: 5816/10964
Queries embedded: 5824/10964
Queries embedded: 5832/10964
Queries embedded: 5840/10964
Queries embedded: 5848/10964
Queries embedded: 5856/10964
Queries embedded: 5864/10964
Queries embedded: 5872/10964
Queries embedded: 5880/10964
Queries embedded: 5888/10964
Queries embedded: 5896/10964
Queries embedded: 5904/10964
Queries embedded: 5912/10964
Queries embedded: 5920/10964
Queries embedded: 5928/10964
Queries embedded: 5936/10964
Queries embedded: 5944/10964
Queries embedded: 5952/10964
Queries embedded: 5960/10964
Queries embedded: 5968/10964
Queries embedded: 5976/10964
Queries embedded: 5984/10964
Queries embedded: 5992/10964
Queries embedded: 6000/10964
Queries embedded: 6008/10964
Queries embedded: 6016/10964
Queries embedded: 6024/10964
Queries embedded: 6032/10964
Queries embedded: 6040/10964
Queries embedded: 6048/10964
Queries embedded: 6056/10964
Queries embedded: 6064/10964
Queries embedded: 6072/10964
Queries embedded: 6080/10964
Queries embedded: 6088/10964
Queries embedded: 6096/10964
Queries embedded: 6104/10964
Queries embedded: 6112/10964
Queries embedded: 6120/10964
Queries embedded: 6128/10964
Queries embedded: 6136/10964
Queries embedded: 6144/10964
Queries embedded: 6152/10964
Queries embedded: 6160/10964
Queries embedded: 6168/10964
Queries embedded: 6176/10964
Queries embedded: 6184/10964
Queries embedded: 6192/10964
Queries embedded: 6200/10964
Queries embedded: 6208/10964
Queries embedded: 6216/10964
Queries embedded: 6224/10964
Queries embedded: 6232/10964
Queries embedded: 6240/10964
Queries embedded: 6248/10964
Queries embedded: 6256/10964
Queries embedded: 6264/10964
Queries embedded: 6272/10964
Queries embedded: 6280/10964
Queries embedded: 6288/10964
Queries embedded: 6296/10964
Queries embedded: 6304/10964
Queries embedded: 6312/10964
Queries embedded: 6320/10964
Queries embedded: 6328/10964
Queries embedded: 6336/10964
Queries embedded: 6344/10964
Queries embedded: 6352/10964
Queries embedded: 6360/10964
Queries embedded: 6368/10964
Queries embedded: 6376/10964
Queries embedded: 6384/10964
Queries embedded: 6392/10964
Queries embedded: 6400/10964
Queries embedded: 6408/10964
Queries embedded: 6416/10964
Queries embedded: 6424/10964
Queries embedded: 6432/10964
Queries embedded: 6440/10964
Queries embedded: 6448/10964
Queries embedded: 6456/10964
Queries embedded: 6464/10964
Queries embedded: 6472/10964
Queries embedded: 6480/10964
Queries embedded: 6488/10964
Queries embedded: 6496/10964
Queries embedded: 6504/10964
Queries embedded: 6512/10964
Queries embedded: 6520/10964
Queries embedded: 6528/10964
Queries embedded: 6536/10964
Queries embedded: 6544/10964
Queries embedded: 6552/10964
Queries embedded: 6560/10964
Queries embedded: 6568/10964
Queries embedded: 6576/10964
Queries embedded: 6584/10964
Queries embedded: 6592/10964
Queries embedded: 6600/10964
Queries embedded: 6608/10964
Queries embedded: 6616/10964
Queries embedded: 6624/10964
Queries embedded: 6632/10964
Queries embedded: 6640/10964
Queries embedded: 6648/10964
Queries embedded: 6656/10964
Queries embedded: 6664/10964
Queries embedded: 6672/10964
Queries embedded: 6680/10964
Queries embedded: 6688/10964
Queries embedded: 6696/10964
Queries embedded: 6704/10964
Queries embedded: 6712/10964
Queries embedded: 6720/10964
Queries embedded: 6728/10964
Queries embedded: 6736/10964
Queries embedded: 6744/10964
Queries embedded: 6752/10964
Queries embedded: 6760/10964
Queries embedded: 6768/10964
Queries embedded: 6776/10964
Queries embedded: 6784/10964
Queries embedded: 6792/10964
Queries embedded: 6800/10964
Queries embedded: 6808/10964
Queries embedded: 6816/10964
Queries embedded: 6824/10964
Queries embedded: 6832/10964
Queries embedded: 6840/10964
Queries embedded: 6848/10964
Queries embedded: 6856/10964
Queries embedded: 6864/10964
Queries embedded: 6872/10964
Queries embedded: 6880/10964
Queries embedded: 6888/10964
Queries embedded: 6896/10964
Queries embedded: 6904/10964
Queries embedded: 6912/10964
Queries embedded: 6920/10964
Queries embedded: 6928/10964
Queries embedded: 6936/10964
Queries embedded: 6944/10964
Queries embedded: 6952/10964
Queries embedded: 6960/10964
Queries embedded: 6968/10964
Queries embedded: 6976/10964
Queries embedded: 6984/10964
Queries embedded: 6992/10964
Queries embedded: 7000/10964
Queries embedded: 7008/10964
Queries embedded: 7016/10964
Queries embedded: 7024/10964
Queries embedded: 7032/10964
Queries embedded: 7040/10964
Queries embedded: 7048/10964
Queries embedded: 7056/10964
Queries embedded: 7064/10964
Queries embedded: 7072/10964
Queries embedded: 7080/10964
Queries embedded: 7088/10964
Queries embedded: 7096/10964
Queries embedded: 7104/10964
Queries embedded: 7112/10964
Queries embedded: 7120/10964
Queries embedded: 7128/10964
Queries embedded: 7136/10964
Queries embedded: 7144/10964
Queries embedded: 7152/10964
Queries embedded: 7160/10964
Queries embedded: 7168/10964
Queries embedded: 7176/10964
Queries embedded: 7184/10964
Queries embedded: 7192/10964
Queries embedded: 7200/10964
Queries embedded: 7208/10964
Queries embedded: 7216/10964
Queries embedded: 7224/10964
Queries embedded: 7232/10964
Queries embedded: 7240/10964
Queries embedded: 7248/10964
Queries embedded: 7256/10964
Queries embedded: 7264/10964
Queries embedded: 7272/10964
Queries embedded: 7280/10964
Queries embedded: 7288/10964
Queries embedded: 7296/10964
Queries embedded: 7304/10964
Queries embedded: 7312/10964
Queries embedded: 7320/10964
Queries embedded: 7328/10964
Queries embedded: 7336/10964
Queries embedded: 7344/10964
Queries embedded: 7352/10964
Queries embedded: 7360/10964
Queries embedded: 7368/10964
Queries embedded: 7376/10964
Queries embedded: 7384/10964
Queries embedded: 7392/10964
Queries embedded: 7400/10964
Queries embedded: 7408/10964
Queries embedded: 7416/10964
Queries embedded: 7424/10964
Queries embedded: 7432/10964
Queries embedded: 7440/10964
Queries embedded: 7448/10964
Queries embedded: 7456/10964
Queries embedded: 7464/10964
Queries embedded: 7472/10964
Queries embedded: 7480/10964
Queries embedded: 7488/10964
Queries embedded: 7496/10964
Queries embedded: 7504/10964
Queries embedded: 7512/10964
Queries embedded: 7520/10964
Queries embedded: 7528/10964
Queries embedded: 7536/10964
Queries embedded: 7544/10964
Queries embedded: 7552/10964
Queries embedded: 7560/10964
Queries embedded: 7568/10964
Queries embedded: 7576/10964
Queries embedded: 7584/10964
Queries embedded: 7592/10964
Queries embedded: 7600/10964
Queries embedded: 7608/10964
Queries embedded: 7616/10964
Queries embedded: 7624/10964
Queries embedded: 7632/10964
Queries embedded: 7640/10964
Queries embedded: 7648/10964
Queries embedded: 7656/10964
Queries embedded: 7664/10964
Queries embedded: 7672/10964
Queries embedded: 7680/10964
Queries embedded: 7688/10964
Queries embedded: 7696/10964
Queries embedded: 7704/10964
Queries embedded: 7712/10964
Queries embedded: 7720/10964
Queries embedded: 7728/10964
Queries embedded: 7736/10964
Queries embedded: 7744/10964
Queries embedded: 7752/10964
Queries embedded: 7760/10964
Queries embedded: 7768/10964
Queries embedded: 7776/10964
Queries embedded: 7784/10964
Queries embedded: 7792/10964
Queries embedded: 7800/10964
Queries embedded: 7808/10964
Queries embedded: 7816/10964
Queries embedded: 7824/10964
Queries embedded: 7832/10964
Queries embedded: 7840/10964
Queries embedded: 7848/10964
Queries embedded: 7856/10964
Queries embedded: 7864/10964
Queries embedded: 7872/10964
Queries embedded: 7880/10964
Queries embedded: 7888/10964
Queries embedded: 7896/10964
Queries embedded: 7904/10964
Queries embedded: 7912/10964
Queries embedded: 7920/10964
Queries embedded: 7928/10964
Queries embedded: 7936/10964
Queries embedded: 7944/10964
Queries embedded: 7952/10964
Queries embedded: 7960/10964
Queries embedded: 7968/10964
Queries embedded: 7976/10964
Queries embedded: 7984/10964
Queries embedded: 7992/10964
Queries embedded: 8000/10964
Queries embedded: 8008/10964
Queries embedded: 8016/10964
Queries embedded: 8024/10964
Queries embedded: 8032/10964
Queries embedded: 8040/10964
Queries embedded: 8048/10964
Queries embedded: 8056/10964
Queries embedded: 8064/10964
Queries embedded: 8072/10964
Queries embedded: 8080/10964
Queries embedded: 8088/10964
Queries embedded: 8096/10964
Queries embedded: 8104/10964
Queries embedded: 8112/10964
Queries embedded: 8120/10964
Queries embedded: 8128/10964
Queries embedded: 8136/10964
Queries embedded: 8144/10964
Queries embedded: 8152/10964
Queries embedded: 8160/10964
Queries embedded: 8168/10964
Queries embedded: 8176/10964
Queries embedded: 8184/10964
Queries embedded: 8192/10964
Queries embedded: 8200/10964
Queries embedded: 8208/10964
Queries embedded: 8216/10964
Queries embedded: 8224/10964
Queries embedded: 8232/10964
Queries embedded: 8240/10964
Queries embedded: 8248/10964
Queries embedded: 8256/10964
Queries embedded: 8264/10964
Queries embedded: 8272/10964
Queries embedded: 8280/10964
Queries embedded: 8288/10964
Queries embedded: 8296/10964
Queries embedded: 8304/10964
Queries embedded: 8312/10964
Queries embedded: 8320/10964
Queries embedded: 8328/10964
Queries embedded: 8336/10964
Queries embedded: 8344/10964
Queries embedded: 8352/10964
Queries embedded: 8360/10964
Queries embedded: 8368/10964
Queries embedded: 8376/10964
Queries embedded: 8384/10964
Queries embedded: 8392/10964
Queries embedded: 8400/10964
Queries embedded: 8408/10964
Queries embedded: 8416/10964
Queries embedded: 8424/10964
Queries embedded: 8432/10964
Queries embedded: 8440/10964
Queries embedded: 8448/10964
Queries embedded: 8456/10964
Queries embedded: 8464/10964
Queries embedded: 8472/10964
Queries embedded: 8480/10964
Queries embedded: 8488/10964
Queries embedded: 8496/10964
Queries embedded: 8504/10964
Queries embedded: 8512/10964
Queries embedded: 8520/10964
Queries embedded: 8528/10964
Queries embedded: 8536/10964
Queries embedded: 8544/10964
Queries embedded: 8552/10964
Queries embedded: 8560/10964
Queries embedded: 8568/10964
Queries embedded: 8576/10964
Queries embedded: 8584/10964
Queries embedded: 8592/10964
Queries embedded: 8600/10964
Queries embedded: 8608/10964
Queries embedded: 8616/10964
Queries embedded: 8624/10964
Queries embedded: 8632/10964
Queries embedded: 8640/10964
Queries embedded: 8648/10964
Queries embedded: 8656/10964
Queries embedded: 8664/10964
Queries embedded: 8672/10964
Queries embedded: 8680/10964
Queries embedded: 8688/10964
Queries embedded: 8696/10964
Queries embedded: 8704/10964
Queries embedded: 8712/10964
Queries embedded: 8720/10964
Queries embedded: 8728/10964
Queries embedded: 8736/10964
Queries embedded: 8744/10964
Queries embedded: 8752/10964
Queries embedded: 8760/10964
Queries embedded: 8768/10964
Queries embedded: 8776/10964
Queries embedded: 8784/10964
Queries embedded: 8792/10964
Queries embedded: 8800/10964
Queries embedded: 8808/10964
Queries embedded: 8816/10964
Queries embedded: 8824/10964
Queries embedded: 8832/10964
Queries embedded: 8840/10964
Queries embedded: 8848/10964
Queries embedded: 8856/10964
Queries embedded: 8864/10964
Queries embedded: 8872/10964
Queries embedded: 8880/10964
Queries embedded: 8888/10964
Queries embedded: 8896/10964
Queries embedded: 8904/10964
Queries embedded: 8912/10964
Queries embedded: 8920/10964
Queries embedded: 8928/10964
Queries embedded: 8936/10964
Queries embedded: 8944/10964
Queries embedded: 8952/10964
Queries embedded: 8960/10964
Queries embedded: 8968/10964
Queries embedded: 8976/10964
Queries embedded: 8984/10964
Queries embedded: 8992/10964
Queries embedded: 9000/10964
Queries embedded: 9008/10964
Queries embedded: 9016/10964
Queries embedded: 9024/10964
Queries embedded: 9032/10964
Queries embedded: 9040/10964
Queries embedded: 9048/10964
Queries embedded: 9056/10964
Queries embedded: 9064/10964
Queries embedded: 9072/10964
Queries embedded: 9080/10964
Queries embedded: 9088/10964
Queries embedded: 9096/10964
Queries embedded: 9104/10964
Queries embedded: 9112/10964
Queries embedded: 9120/10964
Queries embedded: 9128/10964
Queries embedded: 9136/10964
Queries embedded: 9144/10964
Queries embedded: 9152/10964
Queries embedded: 9160/10964
Queries embedded: 9168/10964
Queries embedded: 9176/10964
Queries embedded: 9184/10964
Queries embedded: 9192/10964
Queries embedded: 9200/10964
Queries embedded: 9208/10964
Queries embedded: 9216/10964
Queries embedded: 9224/10964
Queries embedded: 9232/10964
Queries embedded: 9240/10964
Queries embedded: 9248/10964
Queries embedded: 9256/10964
Queries embedded: 9264/10964
Queries embedded: 9272/10964
Queries embedded: 9280/10964
Queries embedded: 9288/10964
Queries embedded: 9296/10964
Queries embedded: 9304/10964
Queries embedded: 9312/10964
Queries embedded: 9320/10964
Queries embedded: 9328/10964
Queries embedded: 9336/10964
Queries embedded: 9344/10964
Queries embedded: 9352/10964
Queries embedded: 9360/10964
Queries embedded: 9368/10964
Queries embedded: 9376/10964
Queries embedded: 9384/10964
Queries embedded: 9392/10964
Queries embedded: 9400/10964
Queries embedded: 9408/10964
Queries embedded: 9416/10964
Queries embedded: 9424/10964
Queries embedded: 9432/10964
Queries embedded: 9440/10964
Queries embedded: 9448/10964
Queries embedded: 9456/10964
Queries embedded: 9464/10964
Queries embedded: 9472/10964
Queries embedded: 9480/10964
Queries embedded: 9488/10964
Queries embedded: 9496/10964
Queries embedded: 9504/10964
Queries embedded: 9512/10964
Queries embedded: 9520/10964
Queries embedded: 9528/10964
Queries embedded: 9536/10964
Queries embedded: 9544/10964
Queries embedded: 9552/10964
Queries embedded: 9560/10964
Queries embedded: 9568/10964
Queries embedded: 9576/10964
Queries embedded: 9584/10964
Queries embedded: 9592/10964
Queries embedded: 9600/10964
Queries embedded: 9608/10964
Queries embedded: 9616/10964
Queries embedded: 9624/10964
Queries embedded: 9632/10964
Queries embedded: 9640/10964
Queries embedded: 9648/10964
Queries embedded: 9656/10964
Queries embedded: 9664/10964
Queries embedded: 9672/10964
Queries embedded: 9680/10964
Queries embedded: 9688/10964
Queries embedded: 9696/10964
Queries embedded: 9704/10964
Queries embedded: 9712/10964
Queries embedded: 9720/10964
Queries embedded: 9728/10964
Queries embedded: 9736/10964
Queries embedded: 9744/10964
Queries embedded: 9752/10964
Queries embedded: 9760/10964
Queries embedded: 9768/10964
Queries embedded: 9776/10964
Queries embedded: 9784/10964
Queries embedded: 9792/10964
Queries embedded: 9800/10964
Queries embedded: 9808/10964
Queries embedded: 9816/10964
Queries embedded: 9824/10964
Queries embedded: 9832/10964
Queries embedded: 9840/10964
Queries embedded: 9848/10964
Queries embedded: 9856/10964
Queries embedded: 9864/10964
Queries embedded: 9872/10964
Queries embedded: 9880/10964
Queries embedded: 9888/10964
Queries embedded: 9896/10964
Queries embedded: 9904/10964
Queries embedded: 9912/10964
Queries embedded: 9920/10964
Queries embedded: 9928/10964
Queries embedded: 9936/10964
Queries embedded: 9944/10964
Queries embedded: 9952/10964
Queries embedded: 9960/10964
Queries embedded: 9968/10964
Queries embedded: 9976/10964
Queries embedded: 9984/10964
Queries embedded: 9992/10964
Queries embedded: 10000/10964
Queries embedded: 10008/10964
Queries embedded: 10016/10964
Queries embedded: 10024/10964
Queries embedded: 10032/10964
Queries embedded: 10040/10964
Queries embedded: 10048/10964
Queries embedded: 10056/10964
Queries embedded: 10064/10964
Queries embedded: 10072/10964
Queries embedded: 10080/10964
Queries embedded: 10088/10964
Queries embedded: 10096/10964
Queries embedded: 10104/10964
Queries embedded: 10112/10964
Queries embedded: 10120/10964
Queries embedded: 10128/10964
Queries embedded: 10136/10964
Queries embedded: 10144/10964
Queries embedded: 10152/10964
Queries embedded: 10160/10964
Queries embedded: 10168/10964
Queries embedded: 10176/10964
Queries embedded: 10184/10964
Queries embedded: 10192/10964
Queries embedded: 10200/10964
Queries embedded: 10208/10964
Queries embedded: 10216/10964
Queries embedded: 10224/10964
Queries embedded: 10232/10964
Queries embedded: 10240/10964
Queries embedded: 10248/10964
Queries embedded: 10256/10964
Queries embedded: 10264/10964
Queries embedded: 10272/10964
Queries embedded: 10280/10964
Queries embedded: 10288/10964
Queries embedded: 10296/10964
Queries embedded: 10304/10964
Queries embedded: 10312/10964
Queries embedded: 10320/10964
Queries embedded: 10328/10964
Queries embedded: 10336/10964
Queries embedded: 10344/10964
Queries embedded: 10352/10964
Queries embedded: 10360/10964
Queries embedded: 10368/10964
Queries embedded: 10376/10964
Queries embedded: 10384/10964
Queries embedded: 10392/10964
Queries embedded: 10400/10964
Queries embedded: 10408/10964
Queries embedded: 10416/10964
Queries embedded: 10424/10964
Queries embedded: 10432/10964
Queries embedded: 10440/10964
Queries embedded: 10448/10964
Queries embedded: 10456/10964
Queries embedded: 10464/10964
Queries embedded: 10472/10964
Queries embedded: 10480/10964
Queries embedded: 10488/10964
Queries embedded: 10496/10964
Queries embedded: 10504/10964
Queries embedded: 10512/10964
Queries embedded: 10520/10964
Queries embedded: 10528/10964
Queries embedded: 10536/10964
Queries embedded: 10544/10964
Queries embedded: 10552/10964
Queries embedded: 10560/10964
Queries embedded: 10568/10964
Queries embedded: 10576/10964
Queries embedded: 10584/10964
Queries embedded: 10592/10964
Queries embedded: 10600/10964
Queries embedded: 10608/10964
Queries embedded: 10616/10964
Queries embedded: 10624/10964
Queries embedded: 10632/10964
Queries embedded: 10640/10964
Queries embedded: 10648/10964
Queries embedded: 10656/10964
Queries embedded: 10664/10964
Queries embedded: 10672/10964
Queries embedded: 10680/10964
Queries embedded: 10688/10964
Queries embedded: 10696/10964
Queries embedded: 10704/10964
Queries embedded: 10712/10964
Queries embedded: 10720/10964
Queries embedded: 10728/10964
Queries embedded: 10736/10964
Queries embedded: 10744/10964
Queries embedded: 10752/10964
Queries embedded: 10760/10964
Queries embedded: 10768/10964
Queries embedded: 10776/10964
Queries embedded: 10784/10964
Queries embedded: 10792/10964
Queries embedded: 10800/10964
Queries embedded: 10808/10964
Queries embedded: 10816/10964
Queries embedded: 10824/10964
Queries embedded: 10832/10964
Queries embedded: 10840/10964
Queries embedded: 10848/10964
Queries embedded: 10856/10964
Queries embedded: 10864/10964
Queries embedded: 10872/10964
Queries embedded: 10880/10964
Queries embedded: 10888/10964
Queries embedded: 10896/10964
Queries embedded: 10904/10964
Queries embedded: 10912/10964
Queries embedded: 10920/10964
Queries embedded: 10928/10964
Queries embedded: 10936/10964
Queries embedded: 10944/10964
Queries embedded: 10952/10964
Queries embedded: 10960/10964
Queries embedded: 10964/10964
{"queries": 10964, "new_queries": 10964}
Loaded saved computer_science: 263 samples, 263 vectors
line=1 retrieved=1
line=2 retrieved=2
Loaded saved mathematics: 143 samples, 143 vectors
line=3 retrieved=3
line=4 retrieved=4
line=5 retrieved=5
Loaded saved chemistry: 280 samples, 280 vectors
line=6 retrieved=6
line=7 retrieved=7
line=8 retrieved=8
line=9 retrieved=9
Loaded saved geography: 229 samples, 232 vectors
line=10 retrieved=10
line=11 retrieved=11
line=12 retrieved=12
line=13 retrieved=13
line=14 retrieved=14
line=15 retrieved=15
line=16 retrieved=16
line=17 retrieved=17
line=18 retrieved=18
line=19 retrieved=19
line=20 retrieved=20
line=21 retrieved=21
line=22 retrieved=22
line=23 retrieved=23
line=24 retrieved=24
line=25 retrieved=25
line=26 retrieved=26
line=27 retrieved=27
line=28 retrieved=28
line=29 retrieved=29
Loaded saved legal: 200 samples, 202 vectors
line=30 retrieved=30
line=31 retrieved=31
line=32 retrieved=32
line=33 retrieved=33
line=34 retrieved=34
line=35 retrieved=35
line=36 retrieved=36
line=37 retrieved=37
line=38 retrieved=38
line=39 retrieved=39
line=40 retrieved=40
line=41 retrieved=41
line=42 retrieved=42
line=43 retrieved=43
line=44 retrieved=44
line=45 retrieved=45
line=46 retrieved=46
line=47 retrieved=47
line=48 retrieved=48
line=49 retrieved=49
line=50 retrieved=50
line=51 retrieved=51
line=52 retrieved=52
line=53 retrieved=53
line=54 retrieved=54
line=55 retrieved=55
line=56 retrieved=56
line=57 retrieved=57
line=58 retrieved=58
line=59 retrieved=59
line=60 retrieved=60
line=61 retrieved=61
line=62 retrieved=62
line=63 retrieved=63
line=64 retrieved=64
line=65 retrieved=65
line=66 retrieved=66
line=67 retrieved=67
line=68 retrieved=68
line=69 retrieved=69
line=70 retrieved=70
line=71 retrieved=71
line=72 retrieved=72
line=73 retrieved=73
line=74 retrieved=74
line=75 retrieved=75
line=76 retrieved=76
line=77 retrieved=77
line=78 retrieved=78
line=79 retrieved=79
line=80 retrieved=80
line=81 retrieved=81
line=82 retrieved=82
line=83 retrieved=83
line=84 retrieved=84
line=85 retrieved=85
line=86 retrieved=86
line=87 retrieved=87
line=88 retrieved=88
line=89 retrieved=89
line=90 retrieved=90
line=91 retrieved=91
line=92 retrieved=92
line=93 retrieved=93
line=94 retrieved=94
line=95 retrieved=95
line=96 retrieved=96
line=97 retrieved=97
line=98 retrieved=98
line=99 retrieved=99
line=100 retrieved=100
{
  "processed": 100,
  "output": "/pfs/ydy/wyt/cross-x/knowledge/pipielines_v4/outputs/3_retrieve_key_fact_matches/medical/test_domain_count_2.jsonl"
}
Loaded saved computer_science: 263 samples, 263 vectors
line=1 retrieved=1
Loaded saved financial: 127 samples, 127 vectors
line=2 retrieved=2
line=3 retrieved=3
line=4 retrieved=4
line=5 retrieved=5
line=6 retrieved=6
line=7 retrieved=7
line=8 retrieved=8
line=9 retrieved=9
line=10 retrieved=10
line=11 retrieved=11
line=12 retrieved=12
line=13 retrieved=13
line=14 retrieved=14
Loaded saved geography: 229 samples, 232 vectors
line=15 retrieved=15
line=16 retrieved=16
line=17 retrieved=17
line=18 retrieved=18
line=19 retrieved=19
line=20 retrieved=20
line=21 retrieved=21
line=22 retrieved=22
line=23 retrieved=23
line=24 retrieved=24
line=25 retrieved=25
line=26 retrieved=26
line=27 retrieved=27
line=28 retrieved=28
line=29 retrieved=29
line=30 retrieved=30
line=31 retrieved=31
line=32 retrieved=32
line=33 retrieved=33
line=34 retrieved=34
line=35 retrieved=35
line=36 retrieved=36
line=37 retrieved=37
line=38 retrieved=38
line=39 retrieved=39
line=40 retrieved=40
line=41 retrieved=41
line=42 retrieved=42
line=43 retrieved=43
line=44 retrieved=44
line=45 retrieved=45
line=46 retrieved=46
line=47 retrieved=47
line=48 retrieved=48
line=49 retrieved=49
line=50 retrieved=50
line=51 retrieved=51
line=52 retrieved=52
line=53 retrieved=53
line=54 retrieved=54
line=55 retrieved=55
line=56 retrieved=56
line=57 retrieved=57
line=58 retrieved=58
line=59 retrieved=59
line=60 retrieved=60
line=61 retrieved=61
line=62 retrieved=62
line=63 retrieved=63
line=64 retrieved=64
line=65 retrieved=65
line=66 retrieved=66
line=67 retrieved=67
line=68 retrieved=68
line=69 retrieved=69
line=70 retrieved=70
line=71 retrieved=71
line=72 retrieved=72
line=73 retrieved=73
line=74 retrieved=74
line=75 retrieved=75
line=76 retrieved=76
line=77 retrieved=77
line=78 retrieved=78
line=79 retrieved=79
line=80 retrieved=80
line=81 retrieved=81
line=82 retrieved=82
line=83 retrieved=83
line=84 retrieved=84
line=85 retrieved=85
line=86 retrieved=86
line=87 retrieved=87
Loaded saved medical: 200 samples, 200 vectors
line=88 retrieved=88
line=89 retrieved=89
line=90 retrieved=90
line=91 retrieved=91
line=92 retrieved=92
line=93 retrieved=93
line=94 retrieved=94
line=95 retrieved=95
line=96 retrieved=96
line=97 retrieved=97
line=98 retrieved=98
line=99 retrieved=99
Loaded saved mathematics: 143 samples, 143 vectors
line=100 retrieved=100
{
  "processed": 100,
  "output": "/pfs/ydy/wyt/cross-x/knowledge/pipielines_v4/outputs/3_retrieve_key_fact_matches/legal/test_domain_count_2.jsonl"
}
Loaded saved mathematics: 143 samples, 143 vectors
line=1 retrieved=1
line=2 retrieved=2
Loaded saved computer_science: 263 samples, 263 vectors
line=3 retrieved=3
line=4 retrieved=4
line=5 retrieved=5
line=6 retrieved=6
line=7 retrieved=7
line=8 retrieved=8
line=9 retrieved=9
Loaded saved medical: 200 samples, 200 vectors
line=10 retrieved=10
line=11 retrieved=11
line=12 retrieved=12
line=13 retrieved=13
line=14 retrieved=14
line=15 retrieved=15
line=16 retrieved=16
line=17 retrieved=17
Loaded saved legal: 200 samples, 202 vectors
line=18 retrieved=18
line=19 retrieved=19
line=20 retrieved=20
line=21 retrieved=21
Loaded saved chemistry: 280 samples, 280 vectors
line=22 retrieved=22
line=23 retrieved=23
line=24 retrieved=24
line=25 retrieved=25
line=26 retrieved=26
line=27 retrieved=27
line=28 retrieved=28
line=29 retrieved=29
line=30 retrieved=30
line=31 retrieved=31
line=32 retrieved=32
line=33 retrieved=33
line=34 retrieved=34
line=35 retrieved=35
line=36 retrieved=36
line=37 retrieved=37
line=38 retrieved=38
line=39 retrieved=39
line=40 retrieved=40
line=41 retrieved=41
line=42 retrieved=42
line=43 retrieved=43
line=44 retrieved=44
line=45 retrieved=45
line=46 retrieved=46
line=47 retrieved=47
line=48 retrieved=48
line=49 retrieved=49
line=50 retrieved=50
line=51 retrieved=51
line=52 retrieved=52
line=53 retrieved=53
line=54 retrieved=54
line=55 retrieved=55
line=56 retrieved=56
line=57 retrieved=57
line=58 retrieved=58
line=59 retrieved=59
line=60 retrieved=60
line=61 retrieved=61
Loaded saved geography: 229 samples, 232 vectors
line=62 retrieved=62
line=63 retrieved=63
line=64 retrieved=64
line=65 retrieved=65
line=66 retrieved=66
line=67 retrieved=67
line=68 retrieved=68
line=69 retrieved=69
line=70 retrieved=70
line=71 retrieved=71
line=72 retrieved=72
line=73 retrieved=73
line=74 retrieved=74
line=75 retrieved=75
line=76 retrieved=76
line=77 retrieved=77
line=78 retrieved=78
line=79 retrieved=79
line=80 retrieved=80
line=81 retrieved=81
line=82 retrieved=82
line=83 retrieved=83
line=84 retrieved=84
line=85 retrieved=85
line=86 retrieved=86
line=87 retrieved=87
line=88 retrieved=88
line=89 retrieved=89
line=90 retrieved=90
line=91 retrieved=91
line=92 retrieved=92
line=93 retrieved=93
line=94 retrieved=94
line=95 retrieved=95
line=96 retrieved=96
line=97 retrieved=97
line=98 retrieved=98
line=99 retrieved=99
line=100 retrieved=100
{
  "processed": 100,
  "output": "/pfs/ydy/wyt/cross-x/knowledge/pipielines_v4/outputs/3_retrieve_key_fact_matches/financial/test_domain_count_2.jsonl"
}
Loaded saved geography: 229 samples, 232 vectors
line=1 retrieved=1
Loaded saved financial: 127 samples, 127 vectors
line=2 retrieved=2
Loaded saved computer_science: 263 samples, 263 vectors
line=3 retrieved=3
line=4 retrieved=4
line=5 retrieved=5
line=6 retrieved=6
line=7 retrieved=7
line=8 retrieved=8
line=9 retrieved=9
line=10 retrieved=10
line=11 retrieved=11
line=12 retrieved=12
line=13 retrieved=13
line=14 retrieved=14
line=15 retrieved=15
Loaded saved chemistry: 280 samples, 280 vectors
line=16 retrieved=16
line=17 retrieved=17
line=18 retrieved=18
line=19 retrieved=19
line=20 retrieved=20
line=21 retrieved=21
line=22 retrieved=22
line=23 retrieved=23
line=24 retrieved=24
line=25 retrieved=25
line=26 retrieved=26
line=27 retrieved=27
line=28 retrieved=28
line=29 retrieved=29
line=30 retrieved=30
line=31 retrieved=31
line=32 retrieved=32
line=33 retrieved=33
line=34 retrieved=34
line=35 retrieved=35
line=36 retrieved=36
line=37 retrieved=37
line=38 retrieved=38
line=39 retrieved=39
line=40 retrieved=40
line=41 retrieved=41
line=42 retrieved=42
line=43 retrieved=43
Loaded saved medical: 200 samples, 200 vectors
line=44 retrieved=44
line=45 retrieved=45
line=46 retrieved=46
line=47 retrieved=47
line=48 retrieved=48
line=49 retrieved=49
line=50 retrieved=50
line=51 retrieved=51
line=52 retrieved=52
line=53 retrieved=53
line=54 retrieved=54
line=55 retrieved=55
line=56 retrieved=56
line=57 retrieved=57
line=58 retrieved=58
line=59 retrieved=59
line=60 retrieved=60
line=61 retrieved=61
line=62 retrieved=62
line=63 retrieved=63
line=64 retrieved=64
line=65 retrieved=65
line=66 retrieved=66
line=67 retrieved=67
line=68 retrieved=68
line=69 retrieved=69
line=70 retrieved=70
line=71 retrieved=71
line=72 retrieved=72
line=73 retrieved=73
line=74 retrieved=74
line=75 retrieved=75
line=76 retrieved=76
line=77 retrieved=77
line=78 retrieved=78
line=79 retrieved=79
line=80 retrieved=80
line=81 retrieved=81
line=82 retrieved=82
line=83 retrieved=83
line=84 retrieved=84
line=85 retrieved=85
line=86 retrieved=86
line=87 retrieved=87
line=88 retrieved=88
line=89 retrieved=89
line=90 retrieved=90
line=91 retrieved=91
line=92 retrieved=92
line=93 retrieved=93
line=94 retrieved=94
line=95 retrieved=95
line=96 retrieved=96
line=97 retrieved=97
line=98 retrieved=98
line=99 retrieved=99
line=100 retrieved=100
{
  "processed": 100,
  "output": "/pfs/ydy/wyt/cross-x/knowledge/pipielines_v4/outputs/3_retrieve_key_fact_matches/mathematics/test_domain_count_2.jsonl"
}
Loaded saved mathematics: 143 samples, 143 vectors
line=1 retrieved=1
line=2 retrieved=2
line=3 retrieved=3
line=4 retrieved=4
Loaded saved financial: 127 samples, 127 vectors
line=5 retrieved=5
line=6 retrieved=6
line=7 retrieved=7
line=8 retrieved=8
line=9 retrieved=9
line=10 retrieved=10
line=11 retrieved=11
line=12 retrieved=12
line=13 retrieved=13
line=14 retrieved=14
line=15 retrieved=15
Loaded saved chemistry: 280 samples, 280 vectors
line=16 retrieved=16
line=17 retrieved=17
Loaded saved medical: 200 samples, 200 vectors
line=18 retrieved=18
line=19 retrieved=19
line=20 retrieved=20
line=21 retrieved=21
line=22 retrieved=22
line=23 retrieved=23
line=24 retrieved=24
line=25 retrieved=25
line=26 retrieved=26
line=27 retrieved=27
line=28 retrieved=28
line=29 retrieved=29
line=30 retrieved=30
line=31 retrieved=31
line=32 retrieved=32
line=33 retrieved=33
line=34 retrieved=34
line=35 retrieved=35
line=36 retrieved=36
line=37 retrieved=37
line=38 retrieved=38
line=39 retrieved=39
line=40 retrieved=40
line=41 retrieved=41
line=42 retrieved=42
line=43 retrieved=43
line=44 retrieved=44
line=45 retrieved=45
line=46 retrieved=46
line=47 retrieved=47
line=48 retrieved=48
Loaded saved legal: 200 samples, 202 vectors
line=49 retrieved=49
line=50 retrieved=50
line=51 retrieved=51
line=52 retrieved=52
line=53 retrieved=53
line=54 retrieved=54
line=55 retrieved=55
line=56 retrieved=56
line=57 retrieved=57
line=58 retrieved=58
line=59 retrieved=59
line=60 retrieved=60
line=61 retrieved=61
Loaded saved geography: 229 samples, 232 vectors
line=62 retrieved=62
line=63 retrieved=63
line=64 retrieved=64
line=65 retrieved=65
line=66 retrieved=66
line=67 retrieved=67
line=68 retrieved=68
line=69 retrieved=69
line=70 retrieved=70
line=71 retrieved=71
line=72 retrieved=72
line=73 retrieved=73
line=74 retrieved=74
line=75 retrieved=75
line=76 retrieved=76
line=77 retrieved=77
line=78 retrieved=78
line=79 retrieved=79
line=80 retrieved=80
line=81 retrieved=81
line=82 retrieved=82
line=83 retrieved=83
line=84 retrieved=84
line=85 retrieved=85
line=86 retrieved=86
line=87 retrieved=87
line=88 retrieved=88
line=89 retrieved=89
line=90 retrieved=90
line=91 retrieved=91
line=92 retrieved=92
line=93 retrieved=93
line=94 retrieved=94
line=95 retrieved=95
line=96 retrieved=96
line=97 retrieved=97
line=98 retrieved=98
line=99 retrieved=99
line=100 retrieved=100
{
  "processed": 100,
  "output": "/pfs/ydy/wyt/cross-x/knowledge/pipielines_v4/outputs/3_retrieve_key_fact_matches/computer_science/test_domain_count_2.jsonl"
}
Loaded saved chemistry: 280 samples, 280 vectors
line=1 retrieved=1
line=2 retrieved=2
Loaded saved mathematics: 143 samples, 143 vectors
line=3 retrieved=3
Loaded saved legal: 200 samples, 202 vectors
line=4 retrieved=4
Loaded saved financial: 127 samples, 127 vectors
line=5 retrieved=5
line=6 retrieved=6
line=7 retrieved=7
Loaded saved computer_science: 263 samples, 263 vectors
line=8 retrieved=8
line=9 retrieved=9
line=10 retrieved=10
line=11 retrieved=11
line=12 retrieved=12
line=13 retrieved=13
line=14 retrieved=14
line=15 retrieved=15
line=16 retrieved=16
line=17 retrieved=17
line=18 retrieved=18
Loaded saved medical: 200 samples, 200 vectors
line=19 retrieved=19
line=20 retrieved=20
line=21 retrieved=21
line=22 retrieved=22
line=23 retrieved=23
line=24 retrieved=24
line=25 retrieved=25
line=26 retrieved=26
line=27 retrieved=27
line=28 retrieved=28
line=29 retrieved=29
line=30 retrieved=30
line=31 retrieved=31
line=32 retrieved=32
line=33 retrieved=33
line=34 retrieved=34
line=35 retrieved=35
line=36 retrieved=36
line=37 retrieved=37
line=38 retrieved=38
line=39 retrieved=39
line=40 retrieved=40
line=41 retrieved=41
line=42 retrieved=42
line=43 retrieved=43
line=44 retrieved=44
line=45 retrieved=45
line=46 retrieved=46
line=47 retrieved=47
line=48 retrieved=48
line=49 retrieved=49
line=50 retrieved=50
line=51 retrieved=51
line=52 retrieved=52
line=53 retrieved=53
line=54 retrieved=54
line=55 retrieved=55
line=56 retrieved=56
line=57 retrieved=57
line=58 retrieved=58
line=59 retrieved=59
line=60 retrieved=60
line=61 retrieved=61
line=62 retrieved=62
line=63 retrieved=63
line=64 retrieved=64
line=65 retrieved=65
line=66 retrieved=66
line=67 retrieved=67
line=68 retrieved=68
line=69 retrieved=69
line=70 retrieved=70
line=71 retrieved=71
line=72 retrieved=72
line=73 retrieved=73
line=74 retrieved=74
line=75 retrieved=75
line=76 retrieved=76
line=77 retrieved=77
line=78 retrieved=78
line=79 retrieved=79
line=80 retrieved=80
line=81 retrieved=81
line=82 retrieved=82
line=83 retrieved=83
line=84 retrieved=84
line=85 retrieved=85
line=86 retrieved=86
line=87 retrieved=87
line=88 retrieved=88
line=89 retrieved=89
line=90 retrieved=90
line=91 retrieved=91
line=92 retrieved=92
line=93 retrieved=93
line=94 retrieved=94
line=95 retrieved=95
line=96 retrieved=96
line=97 retrieved=97
line=98 retrieved=98
line=99 retrieved=99
line=100 retrieved=100
{
  "processed": 100,
  "output": "/pfs/ydy/wyt/cross-x/knowledge/pipielines_v4/outputs/3_retrieve_key_fact_matches/geography/test_domain_count_2.jsonl"
}
Loaded saved medical: 200 samples, 200 vectors
line=1 retrieved=1
Loaded saved computer_science: 263 samples, 263 vectors
line=2 retrieved=2
line=3 retrieved=3
line=4 retrieved=4
line=5 retrieved=5
Loaded saved mathematics: 143 samples, 143 vectors
line=6 retrieved=6
line=7 retrieved=7
line=8 retrieved=8
line=9 retrieved=9
line=10 retrieved=10
line=11 retrieved=11
line=12 retrieved=12
line=13 retrieved=13
line=14 retrieved=14
line=15 retrieved=15
line=16 retrieved=16
line=17 retrieved=17
line=18 retrieved=18
Loaded saved financial: 127 samples, 127 vectors
line=19 retrieved=19
line=20 retrieved=20
line=21 retrieved=21
line=22 retrieved=22
line=23 retrieved=23
line=24 retrieved=24
line=25 retrieved=25
line=26 retrieved=26
line=27 retrieved=27
line=28 retrieved=28
line=29 retrieved=29
line=30 retrieved=30
line=31 retrieved=31
line=32 retrieved=32
line=33 retrieved=33
line=34 retrieved=34
line=35 retrieved=35
line=36 retrieved=36
line=37 retrieved=37
line=38 retrieved=38
line=39 retrieved=39
line=40 retrieved=40
line=41 retrieved=41
line=42 retrieved=42
line=43 retrieved=43
line=44 retrieved=44
line=45 retrieved=45
line=46 retrieved=46
line=47 retrieved=47
line=48 retrieved=48
line=49 retrieved=49
line=50 retrieved=50
line=51 retrieved=51
line=52 retrieved=52
line=53 retrieved=53
line=54 retrieved=54
line=55 retrieved=55
line=56 retrieved=56
line=57 retrieved=57
line=58 retrieved=58
line=59 retrieved=59
line=60 retrieved=60
line=61 retrieved=61
line=62 retrieved=62
line=63 retrieved=63
line=64 retrieved=64
line=65 retrieved=65
line=66 retrieved=66
line=67 retrieved=67
line=68 retrieved=68
line=69 retrieved=69
line=70 retrieved=70
line=71 retrieved=71
line=72 retrieved=72
line=73 retrieved=73
line=74 retrieved=74
line=75 retrieved=75
line=76 retrieved=76
line=77 retrieved=77
line=78 retrieved=78
line=79 retrieved=79
line=80 retrieved=80
line=81 retrieved=81
line=82 retrieved=82
line=83 retrieved=83
line=84 retrieved=84
line=85 retrieved=85
line=86 retrieved=86
line=87 retrieved=87
line=88 retrieved=88
line=89 retrieved=89
line=90 retrieved=90
line=91 retrieved=91
line=92 retrieved=92
line=93 retrieved=93
line=94 retrieved=94
line=95 retrieved=95
line=96 retrieved=96
line=97 retrieved=97
line=98 retrieved=98
line=99 retrieved=99
line=100 retrieved=100
{
  "processed": 100,
  "output": "/pfs/ydy/wyt/cross-x/knowledge/pipielines_v4/outputs/3_retrieve_key_fact_matches/chemistry/test_domain_count_2.jsonl"
}
Loaded saved mathematics: 143 samples, 143 vectors
Loaded saved computer_science: 263 samples, 263 vectors
line=1 retrieved=1
Loaded saved legal: 200 samples, 202 vectors
line=2 retrieved=2
line=3 retrieved=3
Loaded saved financial: 127 samples, 127 vectors
line=4 retrieved=4
line=5 retrieved=5
Loaded saved chemistry: 280 samples, 280 vectors
line=6 retrieved=6
line=7 retrieved=7
line=8 retrieved=8
line=9 retrieved=9
Loaded saved geography: 229 samples, 232 vectors
line=10 retrieved=10
line=11 retrieved=11
line=12 retrieved=12
line=13 retrieved=13
line=14 retrieved=14
line=15 retrieved=15
line=16 retrieved=16
line=17 retrieved=17
line=18 retrieved=18
line=19 retrieved=19
line=20 retrieved=20
line=21 retrieved=21
line=22 retrieved=22
line=23 retrieved=23
line=24 retrieved=24
line=25 retrieved=25
line=26 retrieved=26
line=27 retrieved=27
line=28 retrieved=28
line=29 retrieved=29
line=30 retrieved=30
line=31 retrieved=31
line=32 retrieved=32
line=33 retrieved=33
line=34 retrieved=34
line=35 retrieved=35
line=36 retrieved=36
line=37 retrieved=37
line=38 retrieved=38
line=39 retrieved=39
line=40 retrieved=40
line=41 retrieved=41
line=42 retrieved=42
line=43 retrieved=43
line=44 retrieved=44
line=45 retrieved=45
line=46 retrieved=46
line=47 retrieved=47
line=48 retrieved=48
line=49 retrieved=49
line=50 retrieved=50
line=51 retrieved=51
line=52 retrieved=52
line=53 retrieved=53
line=54 retrieved=54
line=55 retrieved=55
line=56 retrieved=56
line=57 retrieved=57
line=58 retrieved=58
line=59 retrieved=59
line=60 retrieved=60
line=61 retrieved=61
line=62 retrieved=62
line=63 retrieved=63
line=64 retrieved=64
line=65 retrieved=65
line=66 retrieved=66
line=67 retrieved=67
line=68 retrieved=68
line=69 retrieved=69
line=70 retrieved=70
line=71 retrieved=71
line=72 retrieved=72
line=73 retrieved=73
line=74 retrieved=74
line=75 retrieved=75
line=76 retrieved=76
line=77 retrieved=77
line=78 retrieved=78
line=79 retrieved=79
line=80 retrieved=80
line=81 retrieved=81
line=82 retrieved=82
line=83 retrieved=83
line=84 retrieved=84
line=85 retrieved=85
line=86 retrieved=86
line=87 retrieved=87
line=88 retrieved=88
line=89 retrieved=89
line=90 retrieved=90
line=91 retrieved=91
line=92 retrieved=92
line=93 retrieved=93
line=94 retrieved=94
line=95 retrieved=95
line=96 retrieved=96
line=97 retrieved=97
line=98 retrieved=98
line=99 retrieved=99
line=100 retrieved=100
{
  "processed": 100,
  "output": "/pfs/ydy/wyt/cross-x/knowledge/pipielines_v4/outputs/3_retrieve_key_fact_matches/medical/test_domain_count_3.jsonl"
}
Loaded saved mathematics: 143 samples, 143 vectors
Loaded saved computer_science: 263 samples, 263 vectors
line=1 retrieved=1
Loaded saved financial: 127 samples, 127 vectors
line=2 retrieved=2
Loaded saved medical: 200 samples, 200 vectors
line=3 retrieved=3
line=4 retrieved=4
line=5 retrieved=5
line=6 retrieved=6
line=7 retrieved=7
line=8 retrieved=8
line=9 retrieved=9
line=10 retrieved=10
line=11 retrieved=11
Loaded saved geography: 229 samples, 232 vectors
line=12 retrieved=12
line=13 retrieved=13
line=14 retrieved=14
line=15 retrieved=15
line=16 retrieved=16
line=17 retrieved=17
line=18 retrieved=18
line=19 retrieved=19
line=20 retrieved=20
line=21 retrieved=21
line=22 retrieved=22
line=23 retrieved=23
line=24 retrieved=24
line=25 retrieved=25
line=26 retrieved=26
line=27 retrieved=27
line=28 retrieved=28
line=29 retrieved=29
line=30 retrieved=30
line=31 retrieved=31
line=32 retrieved=32
Loaded saved chemistry: 280 samples, 280 vectors
line=33 retrieved=33
line=34 retrieved=34
line=35 retrieved=35
line=36 retrieved=36
line=37 retrieved=37
line=38 retrieved=38
line=39 retrieved=39
line=40 retrieved=40
line=41 retrieved=41
line=42 retrieved=42
line=43 retrieved=43
line=44 retrieved=44
line=45 retrieved=45
line=46 retrieved=46
line=47 retrieved=47
line=48 retrieved=48
line=49 retrieved=49
line=50 retrieved=50
line=51 retrieved=51
line=52 retrieved=52
line=53 retrieved=53
line=54 retrieved=54
line=55 retrieved=55
line=56 retrieved=56
line=57 retrieved=57
line=58 retrieved=58
line=59 retrieved=59
line=60 retrieved=60
line=61 retrieved=61
line=62 retrieved=62
line=63 retrieved=63
line=64 retrieved=64
line=65 retrieved=65
line=66 retrieved=66
line=67 retrieved=67
line=68 retrieved=68
line=69 retrieved=69
line=70 retrieved=70
line=71 retrieved=71
line=72 retrieved=72
line=73 retrieved=73
line=74 retrieved=74
line=75 retrieved=75
line=76 retrieved=76
line=77 retrieved=77
line=78 retrieved=78
line=79 retrieved=79
line=80 retrieved=80
line=81 retrieved=81
line=82 retrieved=82
line=83 retrieved=83
line=84 retrieved=84
line=85 retrieved=85
line=86 retrieved=86
line=87 retrieved=87
line=88 retrieved=88
line=89 retrieved=89
line=90 retrieved=90
line=91 retrieved=91
line=92 retrieved=92
line=93 retrieved=93
line=94 retrieved=94
line=95 retrieved=95
line=96 retrieved=96
line=97 retrieved=97
line=98 retrieved=98
line=99 retrieved=99
line=100 retrieved=100
{
  "processed": 100,
  "output": "/pfs/ydy/wyt/cross-x/knowledge/pipielines_v4/outputs/3_retrieve_key_fact_matches/legal/test_domain_count_3.jsonl"
}
Loaded saved mathematics: 143 samples, 143 vectors
Loaded saved computer_science: 263 samples, 263 vectors
line=1 retrieved=1
line=2 retrieved=2
line=3 retrieved=3
line=4 retrieved=4
Loaded saved legal: 200 samples, 202 vectors
line=5 retrieved=5
line=6 retrieved=6
line=7 retrieved=7
line=8 retrieved=8
line=9 retrieved=9
Loaded saved medical: 200 samples, 200 vectors
line=10 retrieved=10
Loaded saved geography: 229 samples, 232 vectors
line=11 retrieved=11
line=12 retrieved=12
line=13 retrieved=13
line=14 retrieved=14
line=15 retrieved=15
line=16 retrieved=16
line=17 retrieved=17
line=18 retrieved=18
line=19 retrieved=19
line=20 retrieved=20
line=21 retrieved=21
Loaded saved chemistry: 280 samples, 280 vectors
line=22 retrieved=22
line=23 retrieved=23
line=24 retrieved=24
line=25 retrieved=25
line=26 retrieved=26
line=27 retrieved=27
line=28 retrieved=28
line=29 retrieved=29
line=30 retrieved=30
line=31 retrieved=31
line=32 retrieved=32
line=33 retrieved=33
line=34 retrieved=34
line=35 retrieved=35
line=36 retrieved=36
line=37 retrieved=37
line=38 retrieved=38
line=39 retrieved=39
line=40 retrieved=40
line=41 retrieved=41
line=42 retrieved=42
line=43 retrieved=43
line=44 retrieved=44
line=45 retrieved=45
line=46 retrieved=46
line=47 retrieved=47
line=48 retrieved=48
line=49 retrieved=49
line=50 retrieved=50
line=51 retrieved=51
line=52 retrieved=52
line=53 retrieved=53
line=54 retrieved=54
line=55 retrieved=55
line=56 retrieved=56
line=57 retrieved=57
line=58 retrieved=58
line=59 retrieved=59
line=60 retrieved=60
line=61 retrieved=61
line=62 retrieved=62
line=63 retrieved=63
line=64 retrieved=64
line=65 retrieved=65
line=66 retrieved=66
line=67 retrieved=67
line=68 retrieved=68
line=69 retrieved=69
line=70 retrieved=70
line=71 retrieved=71
line=72 retrieved=72
line=73 retrieved=73
line=74 retrieved=74
line=75 retrieved=75
line=76 retrieved=76
line=77 retrieved=77
line=78 retrieved=78
line=79 retrieved=79
line=80 retrieved=80
line=81 retrieved=81
line=82 retrieved=82
line=83 retrieved=83
line=84 retrieved=84
line=85 retrieved=85
line=86 retrieved=86
line=87 retrieved=87
line=88 retrieved=88
line=89 retrieved=89
line=90 retrieved=90
line=91 retrieved=91
line=92 retrieved=92
line=93 retrieved=93
line=94 retrieved=94
line=95 retrieved=95
line=96 retrieved=96
line=97 retrieved=97
line=98 retrieved=98
line=99 retrieved=99
line=100 retrieved=100
{
  "processed": 100,
  "output": "/pfs/ydy/wyt/cross-x/knowledge/pipielines_v4/outputs/3_retrieve_key_fact_matches/financial/test_domain_count_3.jsonl"
}
Loaded saved geography: 229 samples, 232 vectors
Loaded saved computer_science: 263 samples, 263 vectors
line=1 retrieved=1
Loaded saved financial: 127 samples, 127 vectors
line=2 retrieved=2
Loaded saved chemistry: 280 samples, 280 vectors
line=3 retrieved=3
line=4 retrieved=4
line=5 retrieved=5
line=6 retrieved=6
line=7 retrieved=7
line=8 retrieved=8
line=9 retrieved=9
line=10 retrieved=10
line=11 retrieved=11
line=12 retrieved=12
line=13 retrieved=13
line=14 retrieved=14
line=15 retrieved=15
line=16 retrieved=16
line=17 retrieved=17
line=18 retrieved=18
line=19 retrieved=19
line=20 retrieved=20
line=21 retrieved=21
line=22 retrieved=22
line=23 retrieved=23
line=24 retrieved=24
line=25 retrieved=25
line=26 retrieved=26
line=27 retrieved=27
line=28 retrieved=28
line=29 retrieved=29
Loaded saved legal: 200 samples, 202 vectors
line=30 retrieved=30
line=31 retrieved=31
line=32 retrieved=32
line=33 retrieved=33
line=34 retrieved=34
line=35 retrieved=35
line=36 retrieved=36
line=37 retrieved=37
line=38 retrieved=38
line=39 retrieved=39
line=40 retrieved=40
Loaded saved medical: 200 samples, 200 vectors
line=41 retrieved=41
line=42 retrieved=42
line=43 retrieved=43
line=44 retrieved=44
line=45 retrieved=45
line=46 retrieved=46
line=47 retrieved=47
line=48 retrieved=48
line=49 retrieved=49
line=50 retrieved=50
line=51 retrieved=51
line=52 retrieved=52
line=53 retrieved=53
line=54 retrieved=54
line=55 retrieved=55
line=56 retrieved=56
line=57 retrieved=57
line=58 retrieved=58
line=59 retrieved=59
line=60 retrieved=60
line=61 retrieved=61
line=62 retrieved=62
line=63 retrieved=63
line=64 retrieved=64
line=65 retrieved=65
line=66 retrieved=66
line=67 retrieved=67
line=68 retrieved=68
line=69 retrieved=69
line=70 retrieved=70
line=71 retrieved=71
line=72 retrieved=72
line=73 retrieved=73
line=74 retrieved=74
line=75 retrieved=75
line=76 retrieved=76
line=77 retrieved=77
line=78 retrieved=78
line=79 retrieved=79
line=80 retrieved=80
line=81 retrieved=81
line=82 retrieved=82
line=83 retrieved=83
line=84 retrieved=84
line=85 retrieved=85
line=86 retrieved=86
line=87 retrieved=87
line=88 retrieved=88
line=89 retrieved=89
line=90 retrieved=90
line=91 retrieved=91
line=92 retrieved=92
line=93 retrieved=93
line=94 retrieved=94
line=95 retrieved=95
line=96 retrieved=96
line=97 retrieved=97
line=98 retrieved=98
line=99 retrieved=99
line=100 retrieved=100
{
  "processed": 100,
  "output": "/pfs/ydy/wyt/cross-x/knowledge/pipielines_v4/outputs/3_retrieve_key_fact_matches/mathematics/test_domain_count_3.jsonl"
}
Loaded saved mathematics: 143 samples, 143 vectors
Loaded saved financial: 127 samples, 127 vectors
line=1 retrieved=1
Loaded saved medical: 200 samples, 200 vectors
line=2 retrieved=2
line=3 retrieved=3
line=4 retrieved=4
line=5 retrieved=5
line=6 retrieved=6
line=7 retrieved=7
line=8 retrieved=8
line=9 retrieved=9
line=10 retrieved=10
line=11 retrieved=11
Loaded saved legal: 200 samples, 202 vectors
line=12 retrieved=12
line=13 retrieved=13
line=14 retrieved=14
line=15 retrieved=15
Loaded saved geography: 229 samples, 232 vectors
line=16 retrieved=16
line=17 retrieved=17
line=18 retrieved=18
line=19 retrieved=19
line=20 retrieved=20
line=21 retrieved=21
line=22 retrieved=22
line=23 retrieved=23
line=24 retrieved=24
Loaded saved chemistry: 280 samples, 280 vectors
line=25 retrieved=25
line=26 retrieved=26
line=27 retrieved=27
line=28 retrieved=28
line=29 retrieved=29
line=30 retrieved=30
line=31 retrieved=31
line=32 retrieved=32
line=33 retrieved=33
line=34 retrieved=34
line=35 retrieved=35
line=36 retrieved=36
line=37 retrieved=37
line=38 retrieved=38
line=39 retrieved=39
line=40 retrieved=40
line=41 retrieved=41
line=42 retrieved=42
line=43 retrieved=43
line=44 retrieved=44
line=45 retrieved=45
line=46 retrieved=46
line=47 retrieved=47
line=48 retrieved=48
line=49 retrieved=49
line=50 retrieved=50
line=51 retrieved=51
line=52 retrieved=52
line=53 retrieved=53
line=54 retrieved=54
line=55 retrieved=55
line=56 retrieved=56
line=57 retrieved=57
line=58 retrieved=58
line=59 retrieved=59
line=60 retrieved=60
line=61 retrieved=61
line=62 retrieved=62
line=63 retrieved=63
line=64 retrieved=64
line=65 retrieved=65
line=66 retrieved=66
line=67 retrieved=67
line=68 retrieved=68
line=69 retrieved=69
line=70 retrieved=70
line=71 retrieved=71
line=72 retrieved=72
line=73 retrieved=73
line=74 retrieved=74
line=75 retrieved=75
line=76 retrieved=76
line=77 retrieved=77
line=78 retrieved=78
line=79 retrieved=79
line=80 retrieved=80
line=81 retrieved=81
line=82 retrieved=82
line=83 retrieved=83
line=84 retrieved=84
line=85 retrieved=85
line=86 retrieved=86
line=87 retrieved=87
line=88 retrieved=88
line=89 retrieved=89
line=90 retrieved=90
line=91 retrieved=91
line=92 retrieved=92
line=93 retrieved=93
line=94 retrieved=94
line=95 retrieved=95
line=96 retrieved=96
line=97 retrieved=97
line=98 retrieved=98
line=99 retrieved=99
line=100 retrieved=100
{
  "processed": 100,
  "output": "/pfs/ydy/wyt/cross-x/knowledge/pipielines_v4/outputs/3_retrieve_key_fact_matches/computer_science/test_domain_count_3.jsonl"
}
Loaded saved chemistry: 280 samples, 280 vectors
Loaded saved mathematics: 143 samples, 143 vectors
line=1 retrieved=1
line=2 retrieved=2
line=3 retrieved=3
Loaded saved legal: 200 samples, 202 vectors
Loaded saved medical: 200 samples, 200 vectors
line=4 retrieved=4
Loaded saved financial: 127 samples, 127 vectors
line=5 retrieved=5
Loaded saved computer_science: 263 samples, 263 vectors
line=6 retrieved=6
line=7 retrieved=7
line=8 retrieved=8
line=9 retrieved=9
line=10 retrieved=10
line=11 retrieved=11
line=12 retrieved=12
line=13 retrieved=13
line=14 retrieved=14
line=15 retrieved=15
line=16 retrieved=16
line=17 retrieved=17
line=18 retrieved=18
line=19 retrieved=19
line=20 retrieved=20
line=21 retrieved=21
line=22 retrieved=22
line=23 retrieved=23
line=24 retrieved=24
line=25 retrieved=25
line=26 retrieved=26
line=27 retrieved=27
line=28 retrieved=28
line=29 retrieved=29
line=30 retrieved=30
line=31 retrieved=31
line=32 retrieved=32
line=33 retrieved=33
line=34 retrieved=34
line=35 retrieved=35
line=36 retrieved=36
line=37 retrieved=37
line=38 retrieved=38
line=39 retrieved=39
line=40 retrieved=40
line=41 retrieved=41
line=42 retrieved=42
line=43 retrieved=43
line=44 retrieved=44
line=45 retrieved=45
line=46 retrieved=46
line=47 retrieved=47
line=48 retrieved=48
line=49 retrieved=49
line=50 retrieved=50
line=51 retrieved=51
line=52 retrieved=52
line=53 retrieved=53
line=54 retrieved=54
line=55 retrieved=55
line=56 retrieved=56
line=57 retrieved=57
line=58 retrieved=58
line=59 retrieved=59
line=60 retrieved=60
line=61 retrieved=61
line=62 retrieved=62
line=63 retrieved=63
line=64 retrieved=64
line=65 retrieved=65
line=66 retrieved=66
line=67 retrieved=67
line=68 retrieved=68
line=69 retrieved=69
line=70 retrieved=70
line=71 retrieved=71
line=72 retrieved=72
line=73 retrieved=73
line=74 retrieved=74
line=75 retrieved=75
line=76 retrieved=76
line=77 retrieved=77
line=78 retrieved=78
line=79 retrieved=79
line=80 retrieved=80
line=81 retrieved=81
line=82 retrieved=82
line=83 retrieved=83
line=84 retrieved=84
line=85 retrieved=85
line=86 retrieved=86
line=87 retrieved=87
line=88 retrieved=88
line=89 retrieved=89
line=90 retrieved=90
line=91 retrieved=91
line=92 retrieved=92
line=93 retrieved=93
line=94 retrieved=94
line=95 retrieved=95
line=96 retrieved=96
line=97 retrieved=97
line=98 retrieved=98
line=99 retrieved=99
line=100 retrieved=100
{
  "processed": 100,
  "output": "/pfs/ydy/wyt/cross-x/knowledge/pipielines_v4/outputs/3_retrieve_key_fact_matches/geography/test_domain_count_3.jsonl"
}
Loaded saved medical: 200 samples, 200 vectors
Loaded saved geography: 229 samples, 232 vectors
line=1 retrieved=1
Loaded saved mathematics: 143 samples, 143 vectors
Loaded saved computer_science: 263 samples, 263 vectors
line=2 retrieved=2
line=3 retrieved=3
line=4 retrieved=4
line=5 retrieved=5
Loaded saved financial: 127 samples, 127 vectors
line=6 retrieved=6
line=7 retrieved=7
line=8 retrieved=8
line=9 retrieved=9
line=10 retrieved=10
line=11 retrieved=11
line=12 retrieved=12
line=13 retrieved=13
line=14 retrieved=14
line=15 retrieved=15
line=16 retrieved=16
line=17 retrieved=17
line=18 retrieved=18
line=19 retrieved=19
line=20 retrieved=20
line=21 retrieved=21
line=22 retrieved=22
line=23 retrieved=23
line=24 retrieved=24
line=25 retrieved=25
line=26 retrieved=26
line=27 retrieved=27
line=28 retrieved=28
line=29 retrieved=29
line=30 retrieved=30
line=31 retrieved=31
line=32 retrieved=32
line=33 retrieved=33
line=34 retrieved=34
Loaded saved legal: 200 samples, 202 vectors
line=35 retrieved=35
line=36 retrieved=36
line=37 retrieved=37
line=38 retrieved=38
line=39 retrieved=39
line=40 retrieved=40
line=41 retrieved=41
line=42 retrieved=42
line=43 retrieved=43
line=44 retrieved=44
line=45 retrieved=45
line=46 retrieved=46
line=47 retrieved=47
line=48 retrieved=48
line=49 retrieved=49
line=50 retrieved=50
line=51 retrieved=51
line=52 retrieved=52
line=53 retrieved=53
line=54 retrieved=54
line=55 retrieved=55
line=56 retrieved=56
line=57 retrieved=57
line=58 retrieved=58
line=59 retrieved=59
line=60 retrieved=60
line=61 retrieved=61
line=62 retrieved=62
line=63 retrieved=63
line=64 retrieved=64
line=65 retrieved=65
line=66 retrieved=66
line=67 retrieved=67
line=68 retrieved=68
line=69 retrieved=69
line=70 retrieved=70
line=71 retrieved=71
line=72 retrieved=72
line=73 retrieved=73
line=74 retrieved=74
line=75 retrieved=75
line=76 retrieved=76
line=77 retrieved=77
line=78 retrieved=78
line=79 retrieved=79
line=80 retrieved=80
line=81 retrieved=81
line=82 retrieved=82
line=83 retrieved=83
line=84 retrieved=84
line=85 retrieved=85
line=86 retrieved=86
line=87 retrieved=87
line=88 retrieved=88
line=89 retrieved=89
line=90 retrieved=90
line=91 retrieved=91
line=92 retrieved=92
line=93 retrieved=93
line=94 retrieved=94
line=95 retrieved=95
line=96 retrieved=96
line=97 retrieved=97
line=98 retrieved=98
line=99 retrieved=99
line=100 retrieved=100
{
  "processed": 100,
  "output": "/pfs/ydy/wyt/cross-x/knowledge/pipielines_v4/outputs/3_retrieve_key_fact_matches/chemistry/test_domain_count_3.jsonl"
}
Loaded saved financial: 127 samples, 127 vectors
Loaded saved mathematics: 143 samples, 143 vectors
Loaded saved computer_science: 263 samples, 263 vectors
line=1 retrieved=1
Loaded saved legal: 200 samples, 202 vectors
line=2 retrieved=2
line=3 retrieved=3
Loaded saved chemistry: 280 samples, 280 vectors
line=4 retrieved=4
line=5 retrieved=5
line=6 retrieved=6
line=7 retrieved=7
Loaded saved geography: 229 samples, 232 vectors
line=8 retrieved=8
line=9 retrieved=9
line=10 retrieved=10
line=11 retrieved=11
line=12 retrieved=12
line=13 retrieved=13
line=14 retrieved=14
line=15 retrieved=15
line=16 retrieved=16
line=17 retrieved=17
line=18 retrieved=18
line=19 retrieved=19
line=20 retrieved=20
line=21 retrieved=21
line=22 retrieved=22
line=23 retrieved=23
line=24 retrieved=24
line=25 retrieved=25
line=26 retrieved=26
line=27 retrieved=27
line=28 retrieved=28
line=29 retrieved=29
line=30 retrieved=30
line=31 retrieved=31
line=32 retrieved=32
line=33 retrieved=33
line=34 retrieved=34
line=35 retrieved=35
line=36 retrieved=36
line=37 retrieved=37
line=38 retrieved=38
line=39 retrieved=39
line=40 retrieved=40
line=41 retrieved=41
line=42 retrieved=42
line=43 retrieved=43
line=44 retrieved=44
line=45 retrieved=45
line=46 retrieved=46
line=47 retrieved=47
line=48 retrieved=48
line=49 retrieved=49
line=50 retrieved=50
line=51 retrieved=51
line=52 retrieved=52
line=53 retrieved=53
line=54 retrieved=54
line=55 retrieved=55
line=56 retrieved=56
line=57 retrieved=57
line=58 retrieved=58
line=59 retrieved=59
line=60 retrieved=60
line=61 retrieved=61
line=62 retrieved=62
line=63 retrieved=63
line=64 retrieved=64
line=65 retrieved=65
line=66 retrieved=66
line=67 retrieved=67
line=68 retrieved=68
line=69 retrieved=69
line=70 retrieved=70
line=71 retrieved=71
line=72 retrieved=72
line=73 retrieved=73
line=74 retrieved=74
line=75 retrieved=75
line=76 retrieved=76
line=77 retrieved=77
line=78 retrieved=78
line=79 retrieved=79
line=80 retrieved=80
line=81 retrieved=81
line=82 retrieved=82
line=83 retrieved=83
line=84 retrieved=84
line=85 retrieved=85
line=86 retrieved=86
line=87 retrieved=87
line=88 retrieved=88
line=89 retrieved=89
line=90 retrieved=90
line=91 retrieved=91
line=92 retrieved=92
line=93 retrieved=93
line=94 retrieved=94
line=95 retrieved=95
line=96 retrieved=96
line=97 retrieved=97
line=98 retrieved=98
line=99 retrieved=99
line=100 retrieved=100
{
  "processed": 100,
  "output": "/pfs/ydy/wyt/cross-x/knowledge/pipielines_v4/outputs/3_retrieve_key_fact_matches/medical/test_domain_count_4.jsonl"
}
Loaded saved financial: 127 samples, 127 vectors
Loaded saved mathematics: 143 samples, 143 vectors
Loaded saved computer_science: 263 samples, 263 vectors
line=1 retrieved=1
line=2 retrieved=2
line=3 retrieved=3
line=4 retrieved=4
line=5 retrieved=5
line=6 retrieved=6
line=7 retrieved=7
line=8 retrieved=8
Loaded saved geography: 229 samples, 232 vectors
line=9 retrieved=9
line=10 retrieved=10
line=11 retrieved=11
line=12 retrieved=12
line=13 retrieved=13
line=14 retrieved=14
line=15 retrieved=15
line=16 retrieved=16
line=17 retrieved=17
line=18 retrieved=18
line=19 retrieved=19
line=20 retrieved=20
line=21 retrieved=21
line=22 retrieved=22
line=23 retrieved=23
line=24 retrieved=24
line=25 retrieved=25
line=26 retrieved=26
line=27 retrieved=27
line=28 retrieved=28
line=29 retrieved=29
Loaded saved medical: 200 samples, 200 vectors
line=30 retrieved=30
line=31 retrieved=31
line=32 retrieved=32
Loaded saved chemistry: 280 samples, 280 vectors
line=33 retrieved=33
line=34 retrieved=34
line=35 retrieved=35
line=36 retrieved=36
line=37 retrieved=37
line=38 retrieved=38
line=39 retrieved=39
line=40 retrieved=40
line=41 retrieved=41
line=42 retrieved=42
line=43 retrieved=43
line=44 retrieved=44
line=45 retrieved=45
line=46 retrieved=46
line=47 retrieved=47
line=48 retrieved=48
line=49 retrieved=49
line=50 retrieved=50
line=51 retrieved=51
line=52 retrieved=52
line=53 retrieved=53
line=54 retrieved=54
line=55 retrieved=55
line=56 retrieved=56
line=57 retrieved=57
line=58 retrieved=58
line=59 retrieved=59
line=60 retrieved=60
line=61 retrieved=61
line=62 retrieved=62
line=63 retrieved=63
line=64 retrieved=64
line=65 retrieved=65
line=66 retrieved=66
line=67 retrieved=67
line=68 retrieved=68
line=69 retrieved=69
line=70 retrieved=70
line=71 retrieved=71
line=72 retrieved=72
line=73 retrieved=73
line=74 retrieved=74
line=75 retrieved=75
line=76 retrieved=76
line=77 retrieved=77
line=78 retrieved=78
line=79 retrieved=79
line=80 retrieved=80
line=81 retrieved=81
line=82 retrieved=82
line=83 retrieved=83
line=84 retrieved=84
line=85 retrieved=85
line=86 retrieved=86
line=87 retrieved=87
line=88 retrieved=88
line=89 retrieved=89
line=90 retrieved=90
line=91 retrieved=91
line=92 retrieved=92
line=93 retrieved=93
line=94 retrieved=94
line=95 retrieved=95
line=96 retrieved=96
line=97 retrieved=97
line=98 retrieved=98
line=99 retrieved=99
line=100 retrieved=100
{
  "processed": 100,
  "output": "/pfs/ydy/wyt/cross-x/knowledge/pipielines_v4/outputs/3_retrieve_key_fact_matches/legal/test_domain_count_4.jsonl"
}
Loaded saved mathematics: 143 samples, 143 vectors
Loaded saved computer_science: 263 samples, 263 vectors
Loaded saved geography: 229 samples, 232 vectors
line=1 retrieved=1
Loaded saved legal: 200 samples, 202 vectors
line=2 retrieved=2
line=3 retrieved=3
line=4 retrieved=4
line=5 retrieved=5
Loaded saved chemistry: 280 samples, 280 vectors
line=6 retrieved=6
line=7 retrieved=7
Loaded saved medical: 200 samples, 200 vectors
line=8 retrieved=8
line=9 retrieved=9
line=10 retrieved=10
line=11 retrieved=11
line=12 retrieved=12
line=13 retrieved=13
line=14 retrieved=14
line=15 retrieved=15
line=16 retrieved=16
line=17 retrieved=17
line=18 retrieved=18
line=19 retrieved=19
line=20 retrieved=20
line=21 retrieved=21
line=22 retrieved=22
line=23 retrieved=23
line=24 retrieved=24
line=25 retrieved=25
line=26 retrieved=26
line=27 retrieved=27
line=28 retrieved=28
line=29 retrieved=29
line=30 retrieved=30
line=31 retrieved=31
line=32 retrieved=32
line=33 retrieved=33
line=34 retrieved=34
line=35 retrieved=35
line=36 retrieved=36
line=37 retrieved=37
line=38 retrieved=38
line=39 retrieved=39
line=40 retrieved=40
line=41 retrieved=41
line=42 retrieved=42
line=43 retrieved=43
line=44 retrieved=44
line=45 retrieved=45
line=46 retrieved=46
line=47 retrieved=47
line=48 retrieved=48
line=49 retrieved=49
line=50 retrieved=50
line=51 retrieved=51
line=52 retrieved=52
line=53 retrieved=53
line=54 retrieved=54
line=55 retrieved=55
line=56 retrieved=56
line=57 retrieved=57
line=58 retrieved=58
line=59 retrieved=59
line=60 retrieved=60
line=61 retrieved=61
line=62 retrieved=62
line=63 retrieved=63
line=64 retrieved=64
line=65 retrieved=65
line=66 retrieved=66
line=67 retrieved=67
line=68 retrieved=68
line=69 retrieved=69
line=70 retrieved=70
line=71 retrieved=71
line=72 retrieved=72
line=73 retrieved=73
line=74 retrieved=74
line=75 retrieved=75
line=76 retrieved=76
line=77 retrieved=77
line=78 retrieved=78
line=79 retrieved=79
line=80 retrieved=80
line=81 retrieved=81
line=82 retrieved=82
line=83 retrieved=83
line=84 retrieved=84
line=85 retrieved=85
line=86 retrieved=86
line=87 retrieved=87
line=88 retrieved=88
line=89 retrieved=89
line=90 retrieved=90
line=91 retrieved=91
line=92 retrieved=92
line=93 retrieved=93
line=94 retrieved=94
line=95 retrieved=95
line=96 retrieved=96
line=97 retrieved=97
line=98 retrieved=98
line=99 retrieved=99
line=100 retrieved=100
{
  "processed": 100,
  "output": "/pfs/ydy/wyt/cross-x/knowledge/pipielines_v4/outputs/3_retrieve_key_fact_matches/financial/test_domain_count_4.jsonl"
}
Loaded saved geography: 229 samples, 232 vectors
Loaded saved chemistry: 280 samples, 280 vectors
Loaded saved computer_science: 263 samples, 263 vectors
line=1 retrieved=1
Loaded saved medical: 200 samples, 200 vectors
Loaded saved financial: 127 samples, 127 vectors
line=2 retrieved=2
Loaded saved legal: 200 samples, 202 vectors
line=3 retrieved=3
line=4 retrieved=4
line=5 retrieved=5
line=6 retrieved=6
line=7 retrieved=7
line=8 retrieved=8
line=9 retrieved=9
line=10 retrieved=10
line=11 retrieved=11
line=12 retrieved=12
line=13 retrieved=13
line=14 retrieved=14
line=15 retrieved=15
line=16 retrieved=16
line=17 retrieved=17
line=18 retrieved=18
line=19 retrieved=19
line=20 retrieved=20
line=21 retrieved=21
line=22 retrieved=22
line=23 retrieved=23
line=24 retrieved=24
line=25 retrieved=25
line=26 retrieved=26
line=27 retrieved=27
line=28 retrieved=28
line=29 retrieved=29
line=30 retrieved=30
line=31 retrieved=31
line=32 retrieved=32
line=33 retrieved=33
line=34 retrieved=34
line=35 retrieved=35
line=36 retrieved=36
line=37 retrieved=37
line=38 retrieved=38
line=39 retrieved=39
line=40 retrieved=40
line=41 retrieved=41
line=42 retrieved=42
line=43 retrieved=43
line=44 retrieved=44
line=45 retrieved=45
line=46 retrieved=46
line=47 retrieved=47
line=48 retrieved=48
line=49 retrieved=49
line=50 retrieved=50
line=51 retrieved=51
line=52 retrieved=52
line=53 retrieved=53
line=54 retrieved=54
line=55 retrieved=55
line=56 retrieved=56
line=57 retrieved=57
line=58 retrieved=58
line=59 retrieved=59
line=60 retrieved=60
line=61 retrieved=61
line=62 retrieved=62
line=63 retrieved=63
line=64 retrieved=64
line=65 retrieved=65
line=66 retrieved=66
line=67 retrieved=67
line=68 retrieved=68
line=69 retrieved=69
line=70 retrieved=70
line=71 retrieved=71
line=72 retrieved=72
line=73 retrieved=73
line=74 retrieved=74
line=75 retrieved=75
line=76 retrieved=76
line=77 retrieved=77
line=78 retrieved=78
line=79 retrieved=79
line=80 retrieved=80
line=81 retrieved=81
line=82 retrieved=82
line=83 retrieved=83
line=84 retrieved=84
line=85 retrieved=85
line=86 retrieved=86
line=87 retrieved=87
line=88 retrieved=88
line=89 retrieved=89
line=90 retrieved=90
line=91 retrieved=91
line=92 retrieved=92
line=93 retrieved=93
line=94 retrieved=94
line=95 retrieved=95
line=96 retrieved=96
line=97 retrieved=97
line=98 retrieved=98
line=99 retrieved=99
line=100 retrieved=100
{
  "processed": 100,
  "output": "/pfs/ydy/wyt/cross-x/knowledge/pipielines_v4/outputs/3_retrieve_key_fact_matches/mathematics/test_domain_count_4.jsonl"
}
Loaded saved mathematics: 143 samples, 143 vectors
Loaded saved financial: 127 samples, 127 vectors
Loaded saved legal: 200 samples, 202 vectors
line=1 retrieved=1
Loaded saved medical: 200 samples, 200 vectors
Loaded saved chemistry: 280 samples, 280 vectors
line=2 retrieved=2
line=3 retrieved=3
line=4 retrieved=4
line=5 retrieved=5
line=6 retrieved=6
line=7 retrieved=7
line=8 retrieved=8
Loaded saved geography: 229 samples, 232 vectors
line=9 retrieved=9
line=10 retrieved=10
line=11 retrieved=11
line=12 retrieved=12
line=13 retrieved=13
line=14 retrieved=14
line=15 retrieved=15
line=16 retrieved=16
line=17 retrieved=17
line=18 retrieved=18
line=19 retrieved=19
line=20 retrieved=20
line=21 retrieved=21
line=22 retrieved=22
line=23 retrieved=23
line=24 retrieved=24
line=25 retrieved=25
line=26 retrieved=26
line=27 retrieved=27
line=28 retrieved=28
line=29 retrieved=29
line=30 retrieved=30
line=31 retrieved=31
line=32 retrieved=32
line=33 retrieved=33
line=34 retrieved=34
line=35 retrieved=35
line=36 retrieved=36
line=37 retrieved=37
line=38 retrieved=38
line=39 retrieved=39
line=40 retrieved=40
line=41 retrieved=41
line=42 retrieved=42
line=43 retrieved=43
line=44 retrieved=44
line=45 retrieved=45
line=46 retrieved=46
line=47 retrieved=47
line=48 retrieved=48
line=49 retrieved=49
line=50 retrieved=50
line=51 retrieved=51
line=52 retrieved=52
line=53 retrieved=53
line=54 retrieved=54
line=55 retrieved=55
line=56 retrieved=56
line=57 retrieved=57
line=58 retrieved=58
line=59 retrieved=59
line=60 retrieved=60
line=61 retrieved=61
line=62 retrieved=62
line=63 retrieved=63
line=64 retrieved=64
line=65 retrieved=65
line=66 retrieved=66
line=67 retrieved=67
line=68 retrieved=68
line=69 retrieved=69
line=70 retrieved=70
line=71 retrieved=71
line=72 retrieved=72
line=73 retrieved=73
line=74 retrieved=74
line=75 retrieved=75
line=76 retrieved=76
line=77 retrieved=77
line=78 retrieved=78
line=79 retrieved=79
line=80 retrieved=80
line=81 retrieved=81
line=82 retrieved=82
line=83 retrieved=83
line=84 retrieved=84
line=85 retrieved=85
line=86 retrieved=86
line=87 retrieved=87
line=88 retrieved=88
line=89 retrieved=89
line=90 retrieved=90
line=91 retrieved=91
line=92 retrieved=92
line=93 retrieved=93
line=94 retrieved=94
line=95 retrieved=95
line=96 retrieved=96
line=97 retrieved=97
line=98 retrieved=98
line=99 retrieved=99
line=100 retrieved=100
{
  "processed": 100,
  "output": "/pfs/ydy/wyt/cross-x/knowledge/pipielines_v4/outputs/3_retrieve_key_fact_matches/computer_science/test_domain_count_4.jsonl"
}
Loaded saved chemistry: 280 samples, 280 vectors
Loaded saved mathematics: 143 samples, 143 vectors
Loaded saved computer_science: 263 samples, 263 vectors
line=1 retrieved=1
Loaded saved medical: 200 samples, 200 vectors
line=2 retrieved=2
line=3 retrieved=3
Loaded saved legal: 200 samples, 202 vectors
line=4 retrieved=4
Loaded saved financial: 127 samples, 127 vectors
line=5 retrieved=5
line=6 retrieved=6
line=7 retrieved=7
line=8 retrieved=8
line=9 retrieved=9
line=10 retrieved=10
line=11 retrieved=11
line=12 retrieved=12
line=13 retrieved=13
line=14 retrieved=14
line=15 retrieved=15
line=16 retrieved=16
line=17 retrieved=17
line=18 retrieved=18
line=19 retrieved=19
line=20 retrieved=20
line=21 retrieved=21
line=22 retrieved=22
line=23 retrieved=23
line=24 retrieved=24
line=25 retrieved=25
line=26 retrieved=26
line=27 retrieved=27
line=28 retrieved=28
line=29 retrieved=29
line=30 retrieved=30
line=31 retrieved=31
line=32 retrieved=32
line=33 retrieved=33
line=34 retrieved=34
line=35 retrieved=35
line=36 retrieved=36
line=37 retrieved=37
line=38 retrieved=38
line=39 retrieved=39
line=40 retrieved=40
line=41 retrieved=41
line=42 retrieved=42
line=43 retrieved=43
line=44 retrieved=44
line=45 retrieved=45
line=46 retrieved=46
line=47 retrieved=47
line=48 retrieved=48
line=49 retrieved=49
line=50 retrieved=50
line=51 retrieved=51
line=52 retrieved=52
line=53 retrieved=53
line=54 retrieved=54
line=55 retrieved=55
line=56 retrieved=56
line=57 retrieved=57
line=58 retrieved=58
line=59 retrieved=59
line=60 retrieved=60
line=61 retrieved=61
line=62 retrieved=62
line=63 retrieved=63
line=64 retrieved=64
line=65 retrieved=65
line=66 retrieved=66
line=67 retrieved=67
line=68 retrieved=68
line=69 retrieved=69
line=70 retrieved=70
line=71 retrieved=71
line=72 retrieved=72
line=73 retrieved=73
line=74 retrieved=74
line=75 retrieved=75
line=76 retrieved=76
line=77 retrieved=77
line=78 retrieved=78
line=79 retrieved=79
line=80 retrieved=80
line=81 retrieved=81
line=82 retrieved=82
line=83 retrieved=83
line=84 retrieved=84
line=85 retrieved=85
line=86 retrieved=86
line=87 retrieved=87
line=88 retrieved=88
line=89 retrieved=89
line=90 retrieved=90
line=91 retrieved=91
line=92 retrieved=92
line=93 retrieved=93
line=94 retrieved=94
line=95 retrieved=95
line=96 retrieved=96
line=97 retrieved=97
line=98 retrieved=98
line=99 retrieved=99
line=100 retrieved=100
{
  "processed": 100,
  "output": "/pfs/ydy/wyt/cross-x/knowledge/pipielines_v4/outputs/3_retrieve_key_fact_matches/geography/test_domain_count_4.jsonl"
}
Loaded saved medical: 200 samples, 200 vectors
Loaded saved geography: 229 samples, 232 vectors
Loaded saved mathematics: 143 samples, 143 vectors
line=1 retrieved=1
Loaded saved legal: 200 samples, 202 vectors
Loaded saved financial: 127 samples, 127 vectors
line=2 retrieved=2
Loaded saved computer_science: 263 samples, 263 vectors
line=3 retrieved=3
line=4 retrieved=4
line=5 retrieved=5
line=6 retrieved=6
line=7 retrieved=7
line=8 retrieved=8
line=9 retrieved=9
line=10 retrieved=10
line=11 retrieved=11
line=12 retrieved=12
line=13 retrieved=13
line=14 retrieved=14
line=15 retrieved=15
line=16 retrieved=16
line=17 retrieved=17
line=18 retrieved=18
line=19 retrieved=19
line=20 retrieved=20
line=21 retrieved=21
line=22 retrieved=22
line=23 retrieved=23
line=24 retrieved=24
line=25 retrieved=25
line=26 retrieved=26
line=27 retrieved=27
line=28 retrieved=28
line=29 retrieved=29
line=30 retrieved=30
line=31 retrieved=31
line=32 retrieved=32
line=33 retrieved=33
line=34 retrieved=34
line=35 retrieved=35
line=36 retrieved=36
line=37 retrieved=37
line=38 retrieved=38
line=39 retrieved=39
line=40 retrieved=40
line=41 retrieved=41
line=42 retrieved=42
line=43 retrieved=43
line=44 retrieved=44
line=45 retrieved=45
line=46 retrieved=46
line=47 retrieved=47
line=48 retrieved=48
line=49 retrieved=49
line=50 retrieved=50
line=51 retrieved=51
line=52 retrieved=52
line=53 retrieved=53
line=54 retrieved=54
line=55 retrieved=55
line=56 retrieved=56
line=57 retrieved=57
line=58 retrieved=58
line=59 retrieved=59
line=60 retrieved=60
line=61 retrieved=61
line=62 retrieved=62
line=63 retrieved=63
line=64 retrieved=64
line=65 retrieved=65
line=66 retrieved=66
line=67 retrieved=67
line=68 retrieved=68
line=69 retrieved=69
line=70 retrieved=70
line=71 retrieved=71
line=72 retrieved=72
line=73 retrieved=73
line=74 retrieved=74
line=75 retrieved=75
line=76 retrieved=76
line=77 retrieved=77
line=78 retrieved=78
line=79 retrieved=79
line=80 retrieved=80
line=81 retrieved=81
line=82 retrieved=82
line=83 retrieved=83
line=84 retrieved=84
line=85 retrieved=85
line=86 retrieved=86
line=87 retrieved=87
line=88 retrieved=88
line=89 retrieved=89
line=90 retrieved=90
line=91 retrieved=91
line=92 retrieved=92
line=93 retrieved=93
line=94 retrieved=94
line=95 retrieved=95
line=96 retrieved=96
line=97 retrieved=97
line=98 retrieved=98
line=99 retrieved=99
line=100 retrieved=100
{
  "processed": 100,
  "output": "/pfs/ydy/wyt/cross-x/knowledge/pipielines_v4/outputs/3_retrieve_key_fact_matches/chemistry/test_domain_count_4.jsonl"
}
START 4_generate_fusion_question__medical__test_domain_count_2: 100 inputs, 16 workers
PROGRESS 4_generate_fusion_question__medical__test_domain_count_2: 10/100 inputs; 30 outputs; 0 rejected; 0 screened out
PROGRESS 4_generate_fusion_question__medical__test_domain_count_2: 20/100 inputs; 60 outputs; 0 rejected; 0 screened out
PROGRESS 4_generate_fusion_question__medical__test_domain_count_2: 30/100 inputs; 90 outputs; 0 rejected; 0 screened out
PROGRESS 4_generate_fusion_question__medical__test_domain_count_2: 40/100 inputs; 120 outputs; 0 rejected; 0 screened out
PROGRESS 4_generate_fusion_question__medical__test_domain_count_2: 50/100 inputs; 150 outputs; 0 rejected; 0 screened out
PROGRESS 4_generate_fusion_question__medical__test_domain_count_2: 60/100 inputs; 180 outputs; 0 rejected; 0 screened out
FAILED 4_generate_fusion_question__medical__test_domain_count_2: /pfs/ydy/wyt/cross-x/knowledge/pipielines_v4/outputs/3_retrieve_key_fact_matches/medical/test_domain_count_2.jsonl:70: infeasible screening must not return samples or plans after 5 attempts; completed output retained
PROGRESS 4_generate_fusion_question__medical__test_domain_count_2: 70/100 inputs; 210 outputs; 0 rejected; 0 screened out
START 4_generate_fusion_question__medical__test_domain_count_2: 100 inputs, 32 workers
PROGRESS 4_generate_fusion_question__medical__test_domain_count_2: 10/100 inputs; 30 outputs; 0 rejected; 0 screened out
PROGRESS 4_generate_fusion_question__medical__test_domain_count_2: 20/100 inputs; 60 outputs; 0 rejected; 0 screened out
PROGRESS 4_generate_fusion_question__medical__test_domain_count_2: 30/100 inputs; 90 outputs; 0 rejected; 0 screened out
PROGRESS 4_generate_fusion_question__medical__test_domain_count_2: 40/100 inputs; 120 outputs; 0 rejected; 0 screened out
PROGRESS 4_generate_fusion_question__medical__test_domain_count_2: 50/100 inputs; 150 outputs; 0 rejected; 0 screened out
PROGRESS 4_generate_fusion_question__medical__test_domain_count_2: 60/100 inputs; 180 outputs; 0 rejected; 0 screened out
PROGRESS 4_generate_fusion_question__medical__test_domain_count_2: 70/100 inputs; 210 outputs; 0 rejected; 0 screened out
PROGRESS 4_generate_fusion_question__medical__test_domain_count_2: 80/100 inputs; 234 outputs; 0 rejected; 2 screened out
PROGRESS 4_generate_fusion_question__medical__test_domain_count_2: 90/100 inputs; 258 outputs; 0 rejected; 4 screened out
PROGRESS 4_generate_fusion_question__medical__test_domain_count_2: 100/100 inputs; 288 outputs; 0 rejected; 4 screened out
START 4_generate_fusion_question__legal__test_domain_count_2: 100 inputs, 32 workers
PROGRESS 4_generate_fusion_question__legal__test_domain_count_2: 10/100 inputs; 30 outputs; 0 rejected; 0 screened out
PROGRESS 4_generate_fusion_question__legal__test_domain_count_2: 20/100 inputs; 60 outputs; 0 rejected; 0 screened out
PROGRESS 4_generate_fusion_question__legal__test_domain_count_2: 30/100 inputs; 90 outputs; 0 rejected; 0 screened out
PROGRESS 4_generate_fusion_question__legal__test_domain_count_2: 40/100 inputs; 120 outputs; 0 rejected; 0 screened out
PROGRESS 4_generate_fusion_question__legal__test_domain_count_2: 50/100 inputs; 150 outputs; 0 rejected; 0 screened out
PROGRESS 4_generate_fusion_question__legal__test_domain_count_2: 60/100 inputs; 180 outputs; 0 rejected; 0 screened out
PROGRESS 4_generate_fusion_question__legal__test_domain_count_2: 70/100 inputs; 210 outputs; 0 rejected; 0 screened out
PROGRESS 4_generate_fusion_question__legal__test_domain_count_2: 80/100 inputs; 237 outputs; 1 rejected; 0 screened out
PROGRESS 4_generate_fusion_question__legal__test_domain_count_2: 90/100 inputs; 267 outputs; 1 rejected; 0 screened out
PROGRESS 4_generate_fusion_question__legal__test_domain_count_2: 100/100 inputs; 297 outputs; 1 rejected; 0 screened out
START 4_generate_fusion_question__financial__test_domain_count_2: 100 inputs, 32 workers
PROGRESS 4_generate_fusion_question__financial__test_domain_count_2: 10/100 inputs; 30 outputs; 0 rejected; 0 screened out
PROGRESS 4_generate_fusion_question__financial__test_domain_count_2: 20/100 inputs; 60 outputs; 0 rejected; 0 screened out
PROGRESS 4_generate_fusion_question__financial__test_domain_count_2: 30/100 inputs; 90 outputs; 0 rejected; 0 screened out
FAILED 4_generate_fusion_question__financial__test_domain_count_2: /pfs/ydy/wyt/cross-x/knowledge/pipielines_v4/outputs/3_retrieve_key_fact_matches/financial/test_domain_count_2.jsonl:21: used_samples.legal must cite supplied samples after 5 attempts; completed output retained
PROGRESS 4_generate_fusion_question__financial__test_domain_count_2: 40/100 inputs; 120 outputs; 0 rejected; 0 screened out
PROGRESS 4_generate_fusion_question__financial__test_domain_count_2: 50/100 inputs; 150 outputs; 0 rejected; 0 screened out
PROGRESS 4_generate_fusion_question__financial__test_domain_count_2: 60/100 inputs; 180 outputs; 0 rejected; 0 screened out
FAILED 4_generate_fusion_question__financial__test_domain_count_2: /pfs/ydy/wyt/cross-x/knowledge/pipielines_v4/outputs/3_retrieve_key_fact_matches/financial/test_domain_count_2.jsonl:54: used_samples.legal must cite supplied samples after 5 attempts; completed output retained
START 4_generate_fusion_question__medical__test_domain_count_2: 100 inputs, 32 workers
PROGRESS 4_generate_fusion_question__medical__test_domain_count_2: 10/100 inputs; 30 outputs; 0 rejected; 0 screened out
PROGRESS 4_generate_fusion_question__medical__test_domain_count_2: 20/100 inputs; 60 outputs; 0 rejected; 0 screened out
PROGRESS 4_generate_fusion_question__medical__test_domain_count_2: 30/100 inputs; 90 outputs; 0 rejected; 0 screened out
PROGRESS 4_generate_fusion_question__medical__test_domain_count_2: 40/100 inputs; 120 outputs; 0 rejected; 0 screened out
PROGRESS 4_generate_fusion_question__medical__test_domain_count_2: 50/100 inputs; 150 outputs; 0 rejected; 0 screened out
PROGRESS 4_generate_fusion_question__medical__test_domain_count_2: 60/100 inputs; 180 outputs; 0 rejected; 0 screened out
PROGRESS 4_generate_fusion_question__medical__test_domain_count_2: 70/100 inputs; 207 outputs; 0 rejected; 1 screened out
PROGRESS 4_generate_fusion_question__medical__test_domain_count_2: 80/100 inputs; 237 outputs; 0 rejected; 1 screened out
PROGRESS 4_generate_fusion_question__medical__test_domain_count_2: 90/100 inputs; 261 outputs; 0 rejected; 3 screened out
PROGRESS 4_generate_fusion_question__medical__test_domain_count_2: 100/100 inputs; 288 outputs; 0 rejected; 4 screened out
START 4_generate_fusion_question__legal__test_domain_count_2: 100 inputs, 32 workers
PROGRESS 4_generate_fusion_question__legal__test_domain_count_2: 10/100 inputs; 30 outputs; 0 rejected; 0 screened out
PROGRESS 4_generate_fusion_question__legal__test_domain_count_2: 20/100 inputs; 60 outputs; 0 rejected; 0 screened out
PROGRESS 4_generate_fusion_question__legal__test_domain_count_2: 30/100 inputs; 90 outputs; 0 rejected; 0 screened out
PROGRESS 4_generate_fusion_question__legal__test_domain_count_2: 40/100 inputs; 120 outputs; 0 rejected; 0 screened out
PROGRESS 4_generate_fusion_question__legal__test_domain_count_2: 50/100 inputs; 150 outputs; 0 rejected; 0 screened out
PROGRESS 4_generate_fusion_question__legal__test_domain_count_2: 60/100 inputs; 180 outputs; 0 rejected; 0 screened out
PROGRESS 4_generate_fusion_question__legal__test_domain_count_2: 70/100 inputs; 210 outputs; 0 rejected; 0 screened out
PROGRESS 4_generate_fusion_question__legal__test_domain_count_2: 80/100 inputs; 237 outputs; 1 rejected; 0 screened out
PROGRESS 4_generate_fusion_question__legal__test_domain_count_2: 90/100 inputs; 267 outputs; 1 rejected; 0 screened out
PROGRESS 4_generate_fusion_question__legal__test_domain_count_2: 100/100 inputs; 297 outputs; 1 rejected; 0 screened out
START 4_generate_fusion_question__financial__test_domain_count_2: 100 inputs, 32 workers
PROGRESS 4_generate_fusion_question__financial__test_domain_count_2: 10/100 inputs; 30 outputs; 0 rejected; 0 screened out
PROGRESS 4_generate_fusion_question__financial__test_domain_count_2: 20/100 inputs; 60 outputs; 0 rejected; 0 screened out
PROGRESS 4_generate_fusion_question__financial__test_domain_count_2: 30/100 inputs; 90 outputs; 0 rejected; 0 screened out
PROGRESS 4_generate_fusion_question__financial__test_domain_count_2: 40/100 inputs; 120 outputs; 0 rejected; 0 screened out
PROGRESS 4_generate_fusion_question__financial__test_domain_count_2: 50/100 inputs; 150 outputs; 0 rejected; 0 screened out
PROGRESS 4_generate_fusion_question__financial__test_domain_count_2: 60/100 inputs; 180 outputs; 0 rejected; 0 screened out
PROGRESS 4_generate_fusion_question__financial__test_domain_count_2: 70/100 inputs; 210 outputs; 0 rejected; 0 screened out
PROGRESS 4_generate_fusion_question__financial__test_domain_count_2: 80/100 inputs; 240 outputs; 0 rejected; 0 screened out
PROGRESS 4_generate_fusion_question__financial__test_domain_count_2: 90/100 inputs; 270 outputs; 0 rejected; 0 screened out
PROGRESS 4_generate_fusion_question__financial__test_domain_count_2: 100/100 inputs; 300 outputs; 0 rejected; 0 screened out
START 4_generate_fusion_question__mathematics__test_domain_count_2: 100 inputs, 32 workers
PROGRESS 4_generate_fusion_question__mathematics__test_domain_count_2: 10/100 inputs; 30 outputs; 0 rejected; 0 screened out
PROGRESS 4_generate_fusion_question__mathematics__test_domain_count_2: 20/100 inputs; 60 outputs; 0 rejected; 0 screened out
PROGRESS 4_generate_fusion_question__mathematics__test_domain_count_2: 30/100 inputs; 90 outputs; 0 rejected; 0 screened out
PROGRESS 4_generate_fusion_question__mathematics__test_domain_count_2: 40/100 inputs; 120 outputs; 0 rejected; 0 screened out
PROGRESS 4_generate_fusion_question__mathematics__test_domain_count_2: 50/100 inputs; 150 outputs; 0 rejected; 0 screened out
PROGRESS 4_generate_fusion_question__mathematics__test_domain_count_2: 60/100 inputs; 180 outputs; 0 rejected; 0 screened out
PROGRESS 4_generate_fusion_question__mathematics__test_domain_count_2: 70/100 inputs; 210 outputs; 0 rejected; 0 screened out
PROGRESS 4_generate_fusion_question__mathematics__test_domain_count_2: 80/100 inputs; 240 outputs; 0 rejected; 0 screened out
PROGRESS 4_generate_fusion_question__mathematics__test_domain_count_2: 90/100 inputs; 270 outputs; 0 rejected; 0 screened out
PROGRESS 4_generate_fusion_question__mathematics__test_domain_count_2: 100/100 inputs; 300 outputs; 0 rejected; 0 screened out
START 4_generate_fusion_question__computer_science__test_domain_count_2: 100 inputs, 32 workers
PROGRESS 4_generate_fusion_question__computer_science__test_domain_count_2: 10/100 inputs; 30 outputs; 0 rejected; 0 screened out
PROGRESS 4_generate_fusion_question__computer_science__test_domain_count_2: 20/100 inputs; 60 outputs; 0 rejected; 0 screened out
PROGRESS 4_generate_fusion_question__computer_science__test_domain_count_2: 30/100 inputs; 90 outputs; 0 rejected; 0 screened out
PROGRESS 4_generate_fusion_question__computer_science__test_domain_count_2: 40/100 inputs; 120 outputs; 0 rejected; 0 screened out
PROGRESS 4_generate_fusion_question__computer_science__test_domain_count_2: 50/100 inputs; 150 outputs; 0 rejected; 0 screened out
PROGRESS 4_generate_fusion_question__computer_science__test_domain_count_2: 60/100 inputs; 180 outputs; 0 rejected; 0 screened out
PROGRESS 4_generate_fusion_question__computer_science__test_domain_count_2: 70/100 inputs; 210 outputs; 0 rejected; 0 screened out
PROGRESS 4_generate_fusion_question__computer_science__test_domain_count_2: 80/100 inputs; 240 outputs; 0 rejected; 0 screened out
PROGRESS 4_generate_fusion_question__computer_science__test_domain_count_2: 90/100 inputs; 270 outputs; 0 rejected; 0 screened out
PROGRESS 4_generate_fusion_question__computer_science__test_domain_count_2: 100/100 inputs; 300 outputs; 0 rejected; 0 screened out
START 4_generate_fusion_question__geography__test_domain_count_2: 100 inputs, 32 workers
PROGRESS 4_generate_fusion_question__geography__test_domain_count_2: 10/100 inputs; 27 outputs; 0 rejected; 1 screened out
PROGRESS 4_generate_fusion_question__geography__test_domain_count_2: 20/100 inputs; 57 outputs; 0 rejected; 1 screened out
PROGRESS 4_generate_fusion_question__geography__test_domain_count_2: 30/100 inputs; 87 outputs; 0 rejected; 1 screened out
PROGRESS 4_generate_fusion_question__geography__test_domain_count_2: 40/100 inputs; 117 outputs; 0 rejected; 1 screened out
PROGRESS 4_generate_fusion_question__geography__test_domain_count_2: 50/100 inputs; 144 outputs; 0 rejected; 2 screened out
PROGRESS 4_generate_fusion_question__geography__test_domain_count_2: 60/100 inputs; 174 outputs; 0 rejected; 2 screened out
PROGRESS 4_generate_fusion_question__geography__test_domain_count_2: 70/100 inputs; 201 outputs; 0 rejected; 3 screened out
PROGRESS 4_generate_fusion_question__geography__test_domain_count_2: 80/100 inputs; 231 outputs; 0 rejected; 3 screened out
PROGRESS 4_generate_fusion_question__geography__test_domain_count_2: 90/100 inputs; 261 outputs; 0 rejected; 3 screened out
PROGRESS 4_generate_fusion_question__geography__test_domain_count_2: 100/100 inputs; 291 outputs; 0 rejected; 3 screened out
START 4_generate_fusion_question__chemistry__test_domain_count_2: 100 inputs, 32 workers
PROGRESS 4_generate_fusion_question__chemistry__test_domain_count_2: 10/100 inputs; 30 outputs; 0 rejected; 0 screened out
PROGRESS 4_generate_fusion_question__chemistry__test_domain_count_2: 20/100 inputs; 60 outputs; 0 rejected; 0 screened out
PROGRESS 4_generate_fusion_question__chemistry__test_domain_count_2: 30/100 inputs; 90 outputs; 0 rejected; 0 screened out
PROGRESS 4_generate_fusion_question__chemistry__test_domain_count_2: 40/100 inputs; 120 outputs; 0 rejected; 0 screened out
PROGRESS 4_generate_fusion_question__chemistry__test_domain_count_2: 50/100 inputs; 150 outputs; 0 rejected; 0 screened out
PROGRESS 4_generate_fusion_question__chemistry__test_domain_count_2: 60/100 inputs; 180 outputs; 0 rejected; 0 screened out
PROGRESS 4_generate_fusion_question__chemistry__test_domain_count_2: 70/100 inputs; 210 outputs; 0 rejected; 0 screened out
PROGRESS 4_generate_fusion_question__chemistry__test_domain_count_2: 80/100 inputs; 240 outputs; 0 rejected; 0 screened out
PROGRESS 4_generate_fusion_question__chemistry__test_domain_count_2: 90/100 inputs; 270 outputs; 0 rejected; 0 screened out
PROGRESS 4_generate_fusion_question__chemistry__test_domain_count_2: 100/100 inputs; 300 outputs; 0 rejected; 0 screened out
START 4_generate_fusion_question__medical__test_domain_count_3: 100 inputs, 32 workers
PROGRESS 4_generate_fusion_question__medical__test_domain_count_3: 10/100 inputs; 30 outputs; 0 rejected; 0 screened out
PROGRESS 4_generate_fusion_question__medical__test_domain_count_3: 20/100 inputs; 60 outputs; 0 rejected; 0 screened out
PROGRESS 4_generate_fusion_question__medical__test_domain_count_3: 30/100 inputs; 90 outputs; 0 rejected; 0 screened out
PROGRESS 4_generate_fusion_question__medical__test_domain_count_3: 40/100 inputs; 120 outputs; 0 rejected; 0 screened out
PROGRESS 4_generate_fusion_question__medical__test_domain_count_3: 50/100 inputs; 150 outputs; 0 rejected; 0 screened out
PROGRESS 4_generate_fusion_question__medical__test_domain_count_3: 60/100 inputs; 177 outputs; 0 rejected; 1 screened out
PROGRESS 4_generate_fusion_question__medical__test_domain_count_3: 70/100 inputs; 204 outputs; 0 rejected; 2 screened out
PROGRESS 4_generate_fusion_question__medical__test_domain_count_3: 80/100 inputs; 234 outputs; 0 rejected; 2 screened out
PROGRESS 4_generate_fusion_question__medical__test_domain_count_3: 90/100 inputs; 264 outputs; 0 rejected; 2 screened out
PROGRESS 4_generate_fusion_question__medical__test_domain_count_3: 100/100 inputs; 294 outputs; 0 rejected; 2 screened out
START 4_generate_fusion_question__legal__test_domain_count_3: 100 inputs, 32 workers
PROGRESS 4_generate_fusion_question__legal__test_domain_count_3: 10/100 inputs; 30 outputs; 0 rejected; 0 screened out
PROGRESS 4_generate_fusion_question__legal__test_domain_count_3: 20/100 inputs; 60 outputs; 0 rejected; 0 screened out
PROGRESS 4_generate_fusion_question__legal__test_domain_count_3: 30/100 inputs; 90 outputs; 0 rejected; 0 screened out
PROGRESS 4_generate_fusion_question__legal__test_domain_count_3: 40/100 inputs; 120 outputs; 0 rejected; 0 screened out
PROGRESS 4_generate_fusion_question__legal__test_domain_count_3: 50/100 inputs; 150 outputs; 0 rejected; 0 screened out
PROGRESS 4_generate_fusion_question__legal__test_domain_count_3: 60/100 inputs; 180 outputs; 0 rejected; 0 screened out
PROGRESS 4_generate_fusion_question__legal__test_domain_count_3: 70/100 inputs; 207 outputs; 1 rejected; 0 screened out
PROGRESS 4_generate_fusion_question__legal__test_domain_count_3: 80/100 inputs; 237 outputs; 1 rejected; 0 screened out
PROGRESS 4_generate_fusion_question__legal__test_domain_count_3: 90/100 inputs; 267 outputs; 1 rejected; 0 screened out
PROGRESS 4_generate_fusion_question__legal__test_domain_count_3: 100/100 inputs; 297 outputs; 1 rejected; 0 screened out
START 4_generate_fusion_question__financial__test_domain_count_3: 100 inputs, 32 workers
PROGRESS 4_generate_fusion_question__financial__test_domain_count_3: 10/100 inputs; 30 outputs; 0 rejected; 0 screened out
PROGRESS 4_generate_fusion_question__financial__test_domain_count_3: 20/100 inputs; 60 outputs; 0 rejected; 0 screened out
PROGRESS 4_generate_fusion_question__financial__test_domain_count_3: 30/100 inputs; 90 outputs; 0 rejected; 0 screened out
PROGRESS 4_generate_fusion_question__financial__test_domain_count_3: 40/100 inputs; 120 outputs; 0 rejected; 0 screened out
PROGRESS 4_generate_fusion_question__financial__test_domain_count_3: 50/100 inputs; 150 outputs; 0 rejected; 0 screened out
PROGRESS 4_generate_fusion_question__financial__test_domain_count_3: 60/100 inputs; 180 outputs; 0 rejected; 0 screened out
PROGRESS 4_generate_fusion_question__financial__test_domain_count_3: 70/100 inputs; 210 outputs; 0 rejected; 0 screened out
PROGRESS 4_generate_fusion_question__financial__test_domain_count_3: 80/100 inputs; 240 outputs; 0 rejected; 0 screened out
PROGRESS 4_generate_fusion_question__financial__test_domain_count_3: 90/100 inputs; 270 outputs; 0 rejected; 0 screened out
FAILED 4_generate_fusion_question__financial__test_domain_count_3: /pfs/ydy/wyt/cross-x/knowledge/pipielines_v4/outputs/3_retrieve_key_fact_matches/financial/test_domain_count_3.jsonl:34: used_samples.legal must cite supplied samples after 5 attempts; completed output retained
FAILED 4_generate_fusion_question__financial__test_domain_count_3: /pfs/ydy/wyt/cross-x/knowledge/pipielines_v4/outputs/3_retrieve_key_fact_matches/financial/test_domain_count_3.jsonl:68: selected_samples.legal must cite supplied samples after 5 attempts; completed output retained
FAILED 4_generate_fusion_question__financial__test_domain_count_3: /pfs/ydy/wyt/cross-x/knowledge/pipielines_v4/outputs/3_retrieve_key_fact_matches/financial/test_domain_count_3.jsonl:83: selected_samples.legal must cite supplied samples after 5 attempts; completed output retained
START 4_generate_fusion_question__medical__test_domain_count_2: 100 inputs, 32 workers
PROGRESS 4_generate_fusion_question__medical__test_domain_count_2: 10/100 inputs; 30 outputs; 0 rejected; 0 screened out
PROGRESS 4_generate_fusion_question__medical__test_domain_count_2: 20/100 inputs; 60 outputs; 0 rejected; 0 screened out
PROGRESS 4_generate_fusion_question__medical__test_domain_count_2: 30/100 inputs; 90 outputs; 0 rejected; 0 screened out
PROGRESS 4_generate_fusion_question__medical__test_domain_count_2: 40/100 inputs; 120 outputs; 0 rejected; 0 screened out
PROGRESS 4_generate_fusion_question__medical__test_domain_count_2: 50/100 inputs; 150 outputs; 0 rejected; 0 screened out
PROGRESS 4_generate_fusion_question__medical__test_domain_count_2: 60/100 inputs; 180 outputs; 0 rejected; 0 screened out
PROGRESS 4_generate_fusion_question__medical__test_domain_count_2: 70/100 inputs; 207 outputs; 0 rejected; 1 screened out
PROGRESS 4_generate_fusion_question__medical__test_domain_count_2: 80/100 inputs; 234 outputs; 0 rejected; 2 screened out
PROGRESS 4_generate_fusion_question__medical__test_domain_count_2: 90/100 inputs; 261 outputs; 0 rejected; 3 screened out
PROGRESS 4_generate_fusion_question__medical__test_domain_count_2: 100/100 inputs; 288 outputs; 0 rejected; 4 screened out
START 4_generate_fusion_question__legal__test_domain_count_2: 100 inputs, 32 workers
PROGRESS 4_generate_fusion_question__legal__test_domain_count_2: 10/100 inputs; 30 outputs; 0 rejected; 0 screened out
PROGRESS 4_generate_fusion_question__legal__test_domain_count_2: 20/100 inputs; 60 outputs; 0 rejected; 0 screened out
PROGRESS 4_generate_fusion_question__legal__test_domain_count_2: 30/100 inputs; 90 outputs; 0 rejected; 0 screened out
PROGRESS 4_generate_fusion_question__legal__test_domain_count_2: 40/100 inputs; 120 outputs; 0 rejected; 0 screened out
PROGRESS 4_generate_fusion_question__legal__test_domain_count_2: 50/100 inputs; 150 outputs; 0 rejected; 0 screened out
PROGRESS 4_generate_fusion_question__legal__test_domain_count_2: 60/100 inputs; 180 outputs; 0 rejected; 0 screened out
PROGRESS 4_generate_fusion_question__legal__test_domain_count_2: 70/100 inputs; 210 outputs; 0 rejected; 0 screened out
PROGRESS 4_generate_fusion_question__legal__test_domain_count_2: 80/100 inputs; 240 outputs; 0 rejected; 0 screened out
PROGRESS 4_generate_fusion_question__legal__test_domain_count_2: 90/100 inputs; 267 outputs; 1 rejected; 0 screened out
PROGRESS 4_generate_fusion_question__legal__test_domain_count_2: 100/100 inputs; 297 outputs; 1 rejected; 0 screened out
START 4_generate_fusion_question__financial__test_domain_count_2: 100 inputs, 32 workers
PROGRESS 4_generate_fusion_question__financial__test_domain_count_2: 10/100 inputs; 30 outputs; 0 rejected; 0 screened out
PROGRESS 4_generate_fusion_question__financial__test_domain_count_2: 20/100 inputs; 60 outputs; 0 rejected; 0 screened out
PROGRESS 4_generate_fusion_question__financial__test_domain_count_2: 30/100 inputs; 90 outputs; 0 rejected; 0 screened out
PROGRESS 4_generate_fusion_question__financial__test_domain_count_2: 40/100 inputs; 120 outputs; 0 rejected; 0 screened out
PROGRESS 4_generate_fusion_question__financial__test_domain_count_2: 50/100 inputs; 150 outputs; 0 rejected; 0 screened out
PROGRESS 4_generate_fusion_question__financial__test_domain_count_2: 60/100 inputs; 180 outputs; 0 rejected; 0 screened out
PROGRESS 4_generate_fusion_question__financial__test_domain_count_2: 70/100 inputs; 210 outputs; 0 rejected; 0 screened out
PROGRESS 4_generate_fusion_question__financial__test_domain_count_2: 80/100 inputs; 240 outputs; 0 rejected; 0 screened out
PROGRESS 4_generate_fusion_question__financial__test_domain_count_2: 90/100 inputs; 270 outputs; 0 rejected; 0 screened out
PROGRESS 4_generate_fusion_question__financial__test_domain_count_2: 100/100 inputs; 300 outputs; 0 rejected; 0 screened out
START 4_generate_fusion_question__mathematics__test_domain_count_2: 100 inputs, 32 workers
PROGRESS 4_generate_fusion_question__mathematics__test_domain_count_2: 10/100 inputs; 30 outputs; 0 rejected; 0 screened out
PROGRESS 4_generate_fusion_question__mathematics__test_domain_count_2: 20/100 inputs; 60 outputs; 0 rejected; 0 screened out
PROGRESS 4_generate_fusion_question__mathematics__test_domain_count_2: 30/100 inputs; 90 outputs; 0 rejected; 0 screened out
PROGRESS 4_generate_fusion_question__mathematics__test_domain_count_2: 40/100 inputs; 120 outputs; 0 rejected; 0 screened out
PROGRESS 4_generate_fusion_question__mathematics__test_domain_count_2: 50/100 inputs; 150 outputs; 0 rejected; 0 screened out
PROGRESS 4_generate_fusion_question__mathematics__test_domain_count_2: 60/100 inputs; 180 outputs; 0 rejected; 0 screened out
PROGRESS 4_generate_fusion_question__mathematics__test_domain_count_2: 70/100 inputs; 210 outputs; 0 rejected; 0 screened out
PROGRESS 4_generate_fusion_question__mathematics__test_domain_count_2: 80/100 inputs; 240 outputs; 0 rejected; 0 screened out
PROGRESS 4_generate_fusion_question__mathematics__test_domain_count_2: 90/100 inputs; 270 outputs; 0 rejected; 0 screened out
PROGRESS 4_generate_fusion_question__mathematics__test_domain_count_2: 100/100 inputs; 300 outputs; 0 rejected; 0 screened out
START 4_generate_fusion_question__computer_science__test_domain_count_2: 100 inputs, 32 workers
PROGRESS 4_generate_fusion_question__computer_science__test_domain_count_2: 10/100 inputs; 30 outputs; 0 rejected; 0 screened out
PROGRESS 4_generate_fusion_question__computer_science__test_domain_count_2: 20/100 inputs; 60 outputs; 0 rejected; 0 screened out
PROGRESS 4_generate_fusion_question__computer_science__test_domain_count_2: 30/100 inputs; 90 outputs; 0 rejected; 0 screened out
PROGRESS 4_generate_fusion_question__computer_science__test_domain_count_2: 40/100 inputs; 120 outputs; 0 rejected; 0 screened out
PROGRESS 4_generate_fusion_question__computer_science__test_domain_count_2: 50/100 inputs; 150 outputs; 0 rejected; 0 screened out
PROGRESS 4_generate_fusion_question__computer_science__test_domain_count_2: 60/100 inputs; 180 outputs; 0 rejected; 0 screened out
PROGRESS 4_generate_fusion_question__computer_science__test_domain_count_2: 70/100 inputs; 210 outputs; 0 rejected; 0 screened out
PROGRESS 4_generate_fusion_question__computer_science__test_domain_count_2: 80/100 inputs; 240 outputs; 0 rejected; 0 screened out
PROGRESS 4_generate_fusion_question__computer_science__test_domain_count_2: 90/100 inputs; 270 outputs; 0 rejected; 0 screened out
PROGRESS 4_generate_fusion_question__computer_science__test_domain_count_2: 100/100 inputs; 300 outputs; 0 rejected; 0 screened out
START 4_generate_fusion_question__geography__test_domain_count_2: 100 inputs, 32 workers
PROGRESS 4_generate_fusion_question__geography__test_domain_count_2: 10/100 inputs; 30 outputs; 0 rejected; 0 screened out
PROGRESS 4_generate_fusion_question__geography__test_domain_count_2: 20/100 inputs; 60 outputs; 0 rejected; 0 screened out
PROGRESS 4_generate_fusion_question__geography__test_domain_count_2: 30/100 inputs; 90 outputs; 0 rejected; 0 screened out
PROGRESS 4_generate_fusion_question__geography__test_domain_count_2: 40/100 inputs; 117 outputs; 0 rejected; 1 screened out
PROGRESS 4_generate_fusion_question__geography__test_domain_count_2: 50/100 inputs; 147 outputs; 0 rejected; 1 screened out
PROGRESS 4_generate_fusion_question__geography__test_domain_count_2: 60/100 inputs; 177 outputs; 0 rejected; 1 screened out
PROGRESS 4_generate_fusion_question__geography__test_domain_count_2: 70/100 inputs; 204 outputs; 0 rejected; 2 screened out
PROGRESS 4_generate_fusion_question__geography__test_domain_count_2: 80/100 inputs; 234 outputs; 0 rejected; 2 screened out
PROGRESS 4_generate_fusion_question__geography__test_domain_count_2: 90/100 inputs; 261 outputs; 0 rejected; 3 screened out
PROGRESS 4_generate_fusion_question__geography__test_domain_count_2: 100/100 inputs; 291 outputs; 0 rejected; 3 screened out
START 4_generate_fusion_question__chemistry__test_domain_count_2: 100 inputs, 32 workers
PROGRESS 4_generate_fusion_question__chemistry__test_domain_count_2: 10/100 inputs; 30 outputs; 0 rejected; 0 screened out
PROGRESS 4_generate_fusion_question__chemistry__test_domain_count_2: 20/100 inputs; 60 outputs; 0 rejected; 0 screened out
PROGRESS 4_generate_fusion_question__chemistry__test_domain_count_2: 30/100 inputs; 90 outputs; 0 rejected; 0 screened out
PROGRESS 4_generate_fusion_question__chemistry__test_domain_count_2: 40/100 inputs; 120 outputs; 0 rejected; 0 screened out
PROGRESS 4_generate_fusion_question__chemistry__test_domain_count_2: 50/100 inputs; 150 outputs; 0 rejected; 0 screened out
PROGRESS 4_generate_fusion_question__chemistry__test_domain_count_2: 60/100 inputs; 180 outputs; 0 rejected; 0 screened out
PROGRESS 4_generate_fusion_question__chemistry__test_domain_count_2: 70/100 inputs; 210 outputs; 0 rejected; 0 screened out
PROGRESS 4_generate_fusion_question__chemistry__test_domain_count_2: 80/100 inputs; 240 outputs; 0 rejected; 0 screened out
PROGRESS 4_generate_fusion_question__chemistry__test_domain_count_2: 90/100 inputs; 270 outputs; 0 rejected; 0 screened out
PROGRESS 4_generate_fusion_question__chemistry__test_domain_count_2: 100/100 inputs; 300 outputs; 0 rejected; 0 screened out
START 4_generate_fusion_question__medical__test_domain_count_3: 100 inputs, 32 workers
PROGRESS 4_generate_fusion_question__medical__test_domain_count_3: 10/100 inputs; 30 outputs; 0 rejected; 0 screened out
PROGRESS 4_generate_fusion_question__medical__test_domain_count_3: 20/100 inputs; 60 outputs; 0 rejected; 0 screened out
PROGRESS 4_generate_fusion_question__medical__test_domain_count_3: 30/100 inputs; 90 outputs; 0 rejected; 0 screened out
PROGRESS 4_generate_fusion_question__medical__test_domain_count_3: 40/100 inputs; 120 outputs; 0 rejected; 0 screened out
PROGRESS 4_generate_fusion_question__medical__test_domain_count_3: 50/100 inputs; 150 outputs; 0 rejected; 0 screened out
PROGRESS 4_generate_fusion_question__medical__test_domain_count_3: 60/100 inputs; 177 outputs; 0 rejected; 1 screened out
PROGRESS 4_generate_fusion_question__medical__test_domain_count_3: 70/100 inputs; 207 outputs; 0 rejected; 1 screened out
PROGRESS 4_generate_fusion_question__medical__test_domain_count_3: 80/100 inputs; 237 outputs; 0 rejected; 1 screened out
PROGRESS 4_generate_fusion_question__medical__test_domain_count_3: 90/100 inputs; 267 outputs; 0 rejected; 1 screened out
PROGRESS 4_generate_fusion_question__medical__test_domain_count_3: 100/100 inputs; 294 outputs; 0 rejected; 2 screened out
START 4_generate_fusion_question__legal__test_domain_count_3: 100 inputs, 32 workers
PROGRESS 4_generate_fusion_question__legal__test_domain_count_3: 10/100 inputs; 30 outputs; 0 rejected; 0 screened out
PROGRESS 4_generate_fusion_question__legal__test_domain_count_3: 20/100 inputs; 60 outputs; 0 rejected; 0 screened out
PROGRESS 4_generate_fusion_question__legal__test_domain_count_3: 30/100 inputs; 90 outputs; 0 rejected; 0 screened out
PROGRESS 4_generate_fusion_question__legal__test_domain_count_3: 40/100 inputs; 120 outputs; 0 rejected; 0 screened out
PROGRESS 4_generate_fusion_question__legal__test_domain_count_3: 50/100 inputs; 150 outputs; 0 rejected; 0 screened out
PROGRESS 4_generate_fusion_question__legal__test_domain_count_3: 60/100 inputs; 180 outputs; 0 rejected; 0 screened out
PROGRESS 4_generate_fusion_question__legal__test_domain_count_3: 70/100 inputs; 210 outputs; 0 rejected; 0 screened out
PROGRESS 4_generate_fusion_question__legal__test_domain_count_3: 80/100 inputs; 240 outputs; 0 rejected; 0 screened out
PROGRESS 4_generate_fusion_question__legal__test_domain_count_3: 90/100 inputs; 267 outputs; 1 rejected; 0 screened out
PROGRESS 4_generate_fusion_question__legal__test_domain_count_3: 100/100 inputs; 297 outputs; 1 rejected; 0 screened out
START 4_generate_fusion_question__financial__test_domain_count_3: 100 inputs, 32 workers
PROGRESS 4_generate_fusion_question__financial__test_domain_count_3: 10/100 inputs; 30 outputs; 0 rejected; 0 screened out
PROGRESS 4_generate_fusion_question__financial__test_domain_count_3: 20/100 inputs; 60 outputs; 0 rejected; 0 screened out
PROGRESS 4_generate_fusion_question__financial__test_domain_count_3: 30/100 inputs; 90 outputs; 0 rejected; 0 screened out
PROGRESS 4_generate_fusion_question__financial__test_domain_count_3: 40/100 inputs; 120 outputs; 0 rejected; 0 screened out
PROGRESS 4_generate_fusion_question__financial__test_domain_count_3: 50/100 inputs; 150 outputs; 0 rejected; 0 screened out
PROGRESS 4_generate_fusion_question__financial__test_domain_count_3: 60/100 inputs; 180 outputs; 0 rejected; 0 screened out
PROGRESS 4_generate_fusion_question__financial__test_domain_count_3: 70/100 inputs; 210 outputs; 0 rejected; 0 screened out
PROGRESS 4_generate_fusion_question__financial__test_domain_count_3: 80/100 inputs; 240 outputs; 0 rejected; 0 screened out
PROGRESS 4_generate_fusion_question__financial__test_domain_count_3: 90/100 inputs; 270 outputs; 0 rejected; 0 screened out
PROGRESS 4_generate_fusion_question__financial__test_domain_count_3: 100/100 inputs; 300 outputs; 0 rejected; 0 screened out
START 4_generate_fusion_question__mathematics__test_domain_count_3: 100 inputs, 32 workers
PROGRESS 4_generate_fusion_question__mathematics__test_domain_count_3: 10/100 inputs; 30 outputs; 0 rejected; 0 screened out
PROGRESS 4_generate_fusion_question__mathematics__test_domain_count_3: 20/100 inputs; 60 outputs; 0 rejected; 0 screened out
PROGRESS 4_generate_fusion_question__mathematics__test_domain_count_3: 30/100 inputs; 90 outputs; 0 rejected; 0 screened out
PROGRESS 4_generate_fusion_question__mathematics__test_domain_count_3: 40/100 inputs; 120 outputs; 0 rejected; 0 screened out
PROGRESS 4_generate_fusion_question__mathematics__test_domain_count_3: 50/100 inputs; 150 outputs; 0 rejected; 0 screened out
PROGRESS 4_generate_fusion_question__mathematics__test_domain_count_3: 60/100 inputs; 180 outputs; 0 rejected; 0 screened out
PROGRESS 4_generate_fusion_question__mathematics__test_domain_count_3: 70/100 inputs; 210 outputs; 0 rejected; 0 screened out
PROGRESS 4_generate_fusion_question__mathematics__test_domain_count_3: 80/100 inputs; 240 outputs; 0 rejected; 0 screened out
PROGRESS 4_generate_fusion_question__mathematics__test_domain_count_3: 90/100 inputs; 270 outputs; 0 rejected; 0 screened out
PROGRESS 4_generate_fusion_question__mathematics__test_domain_count_3: 100/100 inputs; 300 outputs; 0 rejected; 0 screened out
START 4_generate_fusion_question__computer_science__test_domain_count_3: 100 inputs, 32 workers
PROGRESS 4_generate_fusion_question__computer_science__test_domain_count_3: 10/100 inputs; 30 outputs; 0 rejected; 0 screened out
PROGRESS 4_generate_fusion_question__computer_science__test_domain_count_3: 20/100 inputs; 60 outputs; 0 rejected; 0 screened out
PROGRESS 4_generate_fusion_question__computer_science__test_domain_count_3: 30/100 inputs; 90 outputs; 0 rejected; 0 screened out
PROGRESS 4_generate_fusion_question__computer_science__test_domain_count_3: 40/100 inputs; 120 outputs; 0 rejected; 0 screened out
PROGRESS 4_generate_fusion_question__computer_science__test_domain_count_3: 50/100 inputs; 150 outputs; 0 rejected; 0 screened out
PROGRESS 4_generate_fusion_question__computer_science__test_domain_count_3: 60/100 inputs; 180 outputs; 0 rejected; 0 screened out
PROGRESS 4_generate_fusion_question__computer_science__test_domain_count_3: 70/100 inputs; 210 outputs; 0 rejected; 0 screened out
PROGRESS 4_generate_fusion_question__computer_science__test_domain_count_3: 80/100 inputs; 240 outputs; 0 rejected; 0 screened out
PROGRESS 4_generate_fusion_question__computer_science__test_domain_count_3: 90/100 inputs; 270 outputs; 0 rejected; 0 screened out
PROGRESS 4_generate_fusion_question__computer_science__test_domain_count_3: 100/100 inputs; 300 outputs; 0 rejected; 0 screened out
START 4_generate_fusion_question__geography__test_domain_count_3: 100 inputs, 32 workers
PROGRESS 4_generate_fusion_question__geography__test_domain_count_3: 10/100 inputs; 27 outputs; 0 rejected; 1 screened out
PROGRESS 4_generate_fusion_question__geography__test_domain_count_3: 20/100 inputs; 57 outputs; 0 rejected; 1 screened out
PROGRESS 4_generate_fusion_question__geography__test_domain_count_3: 30/100 inputs; 87 outputs; 0 rejected; 1 screened out
PROGRESS 4_generate_fusion_question__geography__test_domain_count_3: 40/100 inputs; 117 outputs; 0 rejected; 1 screened out
PROGRESS 4_generate_fusion_question__geography__test_domain_count_3: 50/100 inputs; 147 outputs; 0 rejected; 1 screened out
PROGRESS 4_generate_fusion_question__geography__test_domain_count_3: 60/100 inputs; 177 outputs; 0 rejected; 1 screened out
PROGRESS 4_generate_fusion_question__geography__test_domain_count_3: 70/100 inputs; 207 outputs; 0 rejected; 1 screened out
PROGRESS 4_generate_fusion_question__geography__test_domain_count_3: 80/100 inputs; 237 outputs; 0 rejected; 1 screened out
PROGRESS 4_generate_fusion_question__geography__test_domain_count_3: 90/100 inputs; 267 outputs; 0 rejected; 1 screened out
PROGRESS 4_generate_fusion_question__geography__test_domain_count_3: 100/100 inputs; 297 outputs; 0 rejected; 1 screened out
START 4_generate_fusion_question__chemistry__test_domain_count_3: 100 inputs, 32 workers
PROGRESS 4_generate_fusion_question__chemistry__test_domain_count_3: 10/100 inputs; 30 outputs; 0 rejected; 0 screened out
PROGRESS 4_generate_fusion_question__chemistry__test_domain_count_3: 20/100 inputs; 60 outputs; 0 rejected; 0 screened out
PROGRESS 4_generate_fusion_question__chemistry__test_domain_count_3: 30/100 inputs; 90 outputs; 0 rejected; 0 screened out
PROGRESS 4_generate_fusion_question__chemistry__test_domain_count_3: 40/100 inputs; 120 outputs; 0 rejected; 0 screened out
PROGRESS 4_generate_fusion_question__chemistry__test_domain_count_3: 50/100 inputs; 150 outputs; 0 rejected; 0 screened out
PROGRESS 4_generate_fusion_question__chemistry__test_domain_count_3: 60/100 inputs; 180 outputs; 0 rejected; 0 screened out
PROGRESS 4_generate_fusion_question__chemistry__test_domain_count_3: 70/100 inputs; 210 outputs; 0 rejected; 0 screened out
PROGRESS 4_generate_fusion_question__chemistry__test_domain_count_3: 80/100 inputs; 240 outputs; 0 rejected; 0 screened out
PROGRESS 4_generate_fusion_question__chemistry__test_domain_count_3: 90/100 inputs; 270 outputs; 0 rejected; 0 screened out
PROGRESS 4_generate_fusion_question__chemistry__test_domain_count_3: 100/100 inputs; 300 outputs; 0 rejected; 0 screened out
START 4_generate_fusion_question__medical__test_domain_count_4: 100 inputs, 32 workers
PROGRESS 4_generate_fusion_question__medical__test_domain_count_4: 10/100 inputs; 30 outputs; 0 rejected; 0 screened out
PROGRESS 4_generate_fusion_question__medical__test_domain_count_4: 20/100 inputs; 57 outputs; 0 rejected; 1 screened out
PROGRESS 4_generate_fusion_question__medical__test_domain_count_4: 30/100 inputs; 87 outputs; 0 rejected; 1 screened out
PROGRESS 4_generate_fusion_question__medical__test_domain_count_4: 40/100 inputs; 117 outputs; 0 rejected; 1 screened out
PROGRESS 4_generate_fusion_question__medical__test_domain_count_4: 50/100 inputs; 147 outputs; 0 rejected; 1 screened out
PROGRESS 4_generate_fusion_question__medical__test_domain_count_4: 60/100 inputs; 177 outputs; 0 rejected; 1 screened out
PROGRESS 4_generate_fusion_question__medical__test_domain_count_4: 70/100 inputs; 207 outputs; 0 rejected; 1 screened out
PROGRESS 4_generate_fusion_question__medical__test_domain_count_4: 80/100 inputs; 237 outputs; 0 rejected; 1 screened out
PROGRESS 4_generate_fusion_question__medical__test_domain_count_4: 90/100 inputs; 267 outputs; 0 rejected; 1 screened out
PROGRESS 4_generate_fusion_question__medical__test_domain_count_4: 100/100 inputs; 297 outputs; 0 rejected; 1 screened out
START 4_generate_fusion_question__legal__test_domain_count_4: 100 inputs, 32 workers
PROGRESS 4_generate_fusion_question__legal__test_domain_count_4: 10/100 inputs; 30 outputs; 0 rejected; 0 screened out
PROGRESS 4_generate_fusion_question__legal__test_domain_count_4: 20/100 inputs; 60 outputs; 0 rejected; 0 screened out
PROGRESS 4_generate_fusion_question__legal__test_domain_count_4: 30/100 inputs; 90 outputs; 0 rejected; 0 screened out
PROGRESS 4_generate_fusion_question__legal__test_domain_count_4: 40/100 inputs; 120 outputs; 0 rejected; 0 screened out
PROGRESS 4_generate_fusion_question__legal__test_domain_count_4: 50/100 inputs; 150 outputs; 0 rejected; 0 screened out
PROGRESS 4_generate_fusion_question__legal__test_domain_count_4: 60/100 inputs; 180 outputs; 0 rejected; 0 screened out
PROGRESS 4_generate_fusion_question__legal__test_domain_count_4: 70/100 inputs; 210 outputs; 0 rejected; 0 screened out
PROGRESS 4_generate_fusion_question__legal__test_domain_count_4: 80/100 inputs; 240 outputs; 0 rejected; 0 screened out
PROGRESS 4_generate_fusion_question__legal__test_domain_count_4: 90/100 inputs; 267 outputs; 1 rejected; 0 screened out
PROGRESS 4_generate_fusion_question__legal__test_domain_count_4: 100/100 inputs; 297 outputs; 1 rejected; 0 screened out
START 4_generate_fusion_question__financial__test_domain_count_4: 100 inputs, 32 workers
PROGRESS 4_generate_fusion_question__financial__test_domain_count_4: 10/100 inputs; 30 outputs; 0 rejected; 0 screened out
PROGRESS 4_generate_fusion_question__financial__test_domain_count_4: 20/100 inputs; 60 outputs; 0 rejected; 0 screened out
START 4_generate_fusion_question__medical__test_domain_count_2: 100 inputs, 32 workers
PROGRESS 4_generate_fusion_question__medical__test_domain_count_2: 10/100 inputs; 30 outputs; 0 rejected; 0 screened out
PROGRESS 4_generate_fusion_question__medical__test_domain_count_2: 20/100 inputs; 60 outputs; 0 rejected; 0 screened out
PROGRESS 4_generate_fusion_question__medical__test_domain_count_2: 30/100 inputs; 90 outputs; 0 rejected; 0 screened out
PROGRESS 4_generate_fusion_question__medical__test_domain_count_2: 40/100 inputs; 120 outputs; 0 rejected; 0 screened out
PROGRESS 4_generate_fusion_question__medical__test_domain_count_2: 50/100 inputs; 150 outputs; 0 rejected; 0 screened out
PROGRESS 4_generate_fusion_question__medical__test_domain_count_2: 60/100 inputs; 180 outputs; 0 rejected; 0 screened out
PROGRESS 4_generate_fusion_question__medical__test_domain_count_2: 70/100 inputs; 207 outputs; 0 rejected; 1 screened out
PROGRESS 4_generate_fusion_question__medical__test_domain_count_2: 80/100 inputs; 237 outputs; 0 rejected; 1 screened out
PROGRESS 4_generate_fusion_question__medical__test_domain_count_2: 90/100 inputs; 258 outputs; 0 rejected; 4 screened out
PROGRESS 4_generate_fusion_question__medical__test_domain_count_2: 100/100 inputs; 288 outputs; 0 rejected; 4 screened out
START 4_generate_fusion_question__legal__test_domain_count_2: 100 inputs, 32 workers
PROGRESS 4_generate_fusion_question__legal__test_domain_count_2: 10/100 inputs; 30 outputs; 0 rejected; 0 screened out
PROGRESS 4_generate_fusion_question__legal__test_domain_count_2: 20/100 inputs; 60 outputs; 0 rejected; 0 screened out
PROGRESS 4_generate_fusion_question__legal__test_domain_count_2: 30/100 inputs; 90 outputs; 0 rejected; 0 screened out
PROGRESS 4_generate_fusion_question__legal__test_domain_count_2: 40/100 inputs; 120 outputs; 0 rejected; 0 screened out
PROGRESS 4_generate_fusion_question__legal__test_domain_count_2: 50/100 inputs; 150 outputs; 0 rejected; 0 screened out
PROGRESS 4_generate_fusion_question__legal__test_domain_count_2: 60/100 inputs; 180 outputs; 0 rejected; 0 screened out
PROGRESS 4_generate_fusion_question__legal__test_domain_count_2: 70/100 inputs; 210 outputs; 0 rejected; 0 screened out
PROGRESS 4_generate_fusion_question__legal__test_domain_count_2: 80/100 inputs; 240 outputs; 0 rejected; 0 screened out
PROGRESS 4_generate_fusion_question__legal__test_domain_count_2: 90/100 inputs; 270 outputs; 0 rejected; 0 screened out
PROGRESS 4_generate_fusion_question__legal__test_domain_count_2: 100/100 inputs; 297 outputs; 1 rejected; 0 screened out
START 4_generate_fusion_question__financial__test_domain_count_2: 100 inputs, 32 workers
PROGRESS 4_generate_fusion_question__financial__test_domain_count_2: 10/100 inputs; 30 outputs; 0 rejected; 0 screened out
PROGRESS 4_generate_fusion_question__financial__test_domain_count_2: 20/100 inputs; 60 outputs; 0 rejected; 0 screened out
PROGRESS 4_generate_fusion_question__financial__test_domain_count_2: 30/100 inputs; 90 outputs; 0 rejected; 0 screened out
PROGRESS 4_generate_fusion_question__financial__test_domain_count_2: 40/100 inputs; 120 outputs; 0 rejected; 0 screened out
PROGRESS 4_generate_fusion_question__financial__test_domain_count_2: 50/100 inputs; 150 outputs; 0 rejected; 0 screened out
PROGRESS 4_generate_fusion_question__financial__test_domain_count_2: 60/100 inputs; 180 outputs; 0 rejected; 0 screened out
PROGRESS 4_generate_fusion_question__financial__test_domain_count_2: 70/100 inputs; 210 outputs; 0 rejected; 0 screened out
PROGRESS 4_generate_fusion_question__financial__test_domain_count_2: 80/100 inputs; 240 outputs; 0 rejected; 0 screened out
PROGRESS 4_generate_fusion_question__financial__test_domain_count_2: 90/100 inputs; 270 outputs; 0 rejected; 0 screened out
PROGRESS 4_generate_fusion_question__financial__test_domain_count_2: 100/100 inputs; 300 outputs; 0 rejected; 0 screened out
START 4_generate_fusion_question__mathematics__test_domain_count_2: 100 inputs, 32 workers
PROGRESS 4_generate_fusion_question__mathematics__test_domain_count_2: 10/100 inputs; 30 outputs; 0 rejected; 0 screened out
PROGRESS 4_generate_fusion_question__mathematics__test_domain_count_2: 20/100 inputs; 60 outputs; 0 rejected; 0 screened out
PROGRESS 4_generate_fusion_question__mathematics__test_domain_count_2: 30/100 inputs; 90 outputs; 0 rejected; 0 screened out
PROGRESS 4_generate_fusion_question__mathematics__test_domain_count_2: 40/100 inputs; 120 outputs; 0 rejected; 0 screened out
PROGRESS 4_generate_fusion_question__mathematics__test_domain_count_2: 50/100 inputs; 150 outputs; 0 rejected; 0 screened out
PROGRESS 4_generate_fusion_question__mathematics__test_domain_count_2: 60/100 inputs; 180 outputs; 0 rejected; 0 screened out
PROGRESS 4_generate_fusion_question__mathematics__test_domain_count_2: 70/100 inputs; 210 outputs; 0 rejected; 0 screened out
PROGRESS 4_generate_fusion_question__mathematics__test_domain_count_2: 80/100 inputs; 240 outputs; 0 rejected; 0 screened out
PROGRESS 4_generate_fusion_question__mathematics__test_domain_count_2: 90/100 inputs; 270 outputs; 0 rejected; 0 screened out
PROGRESS 4_generate_fusion_question__mathematics__test_domain_count_2: 100/100 inputs; 300 outputs; 0 rejected; 0 screened out
START 4_generate_fusion_question__computer_science__test_domain_count_2: 100 inputs, 32 workers
PROGRESS 4_generate_fusion_question__computer_science__test_domain_count_2: 10/100 inputs; 30 outputs; 0 rejected; 0 screened out
PROGRESS 4_generate_fusion_question__computer_science__test_domain_count_2: 20/100 inputs; 60 outputs; 0 rejected; 0 screened out
PROGRESS 4_generate_fusion_question__computer_science__test_domain_count_2: 30/100 inputs; 90 outputs; 0 rejected; 0 screened out
PROGRESS 4_generate_fusion_question__computer_science__test_domain_count_2: 40/100 inputs; 120 outputs; 0 rejected; 0 screened out
PROGRESS 4_generate_fusion_question__computer_science__test_domain_count_2: 50/100 inputs; 150 outputs; 0 rejected; 0 screened out
PROGRESS 4_generate_fusion_question__computer_science__test_domain_count_2: 60/100 inputs; 180 outputs; 0 rejected; 0 screened out
PROGRESS 4_generate_fusion_question__computer_science__test_domain_count_2: 70/100 inputs; 210 outputs; 0 rejected; 0 screened out
PROGRESS 4_generate_fusion_question__computer_science__test_domain_count_2: 80/100 inputs; 240 outputs; 0 rejected; 0 screened out
PROGRESS 4_generate_fusion_question__computer_science__test_domain_count_2: 90/100 inputs; 270 outputs; 0 rejected; 0 screened out
PROGRESS 4_generate_fusion_question__computer_science__test_domain_count_2: 100/100 inputs; 300 outputs; 0 rejected; 0 screened out
START 4_generate_fusion_question__geography__test_domain_count_2: 100 inputs, 32 workers
PROGRESS 4_generate_fusion_question__geography__test_domain_count_2: 10/100 inputs; 30 outputs; 0 rejected; 0 screened out
PROGRESS 4_generate_fusion_question__geography__test_domain_count_2: 20/100 inputs; 57 outputs; 0 rejected; 1 screened out
PROGRESS 4_generate_fusion_question__geography__test_domain_count_2: 30/100 inputs; 87 outputs; 0 rejected; 1 screened out
PROGRESS 4_generate_fusion_question__geography__test_domain_count_2: 40/100 inputs; 117 outputs; 0 rejected; 1 screened out
PROGRESS 4_generate_fusion_question__geography__test_domain_count_2: 50/100 inputs; 147 outputs; 0 rejected; 1 screened out
PROGRESS 4_generate_fusion_question__geography__test_domain_count_2: 60/100 inputs; 177 outputs; 0 rejected; 1 screened out
PROGRESS 4_generate_fusion_question__geography__test_domain_count_2: 70/100 inputs; 204 outputs; 0 rejected; 2 screened out
PROGRESS 4_generate_fusion_question__geography__test_domain_count_2: 80/100 inputs; 234 outputs; 0 rejected; 2 screened out
PROGRESS 4_generate_fusion_question__geography__test_domain_count_2: 90/100 inputs; 264 outputs; 0 rejected; 2 screened out
PROGRESS 4_generate_fusion_question__geography__test_domain_count_2: 100/100 inputs; 291 outputs; 0 rejected; 3 screened out
START 4_generate_fusion_question__chemistry__test_domain_count_2: 100 inputs, 32 workers
PROGRESS 4_generate_fusion_question__chemistry__test_domain_count_2: 10/100 inputs; 30 outputs; 0 rejected; 0 screened out
PROGRESS 4_generate_fusion_question__chemistry__test_domain_count_2: 20/100 inputs; 60 outputs; 0 rejected; 0 screened out
PROGRESS 4_generate_fusion_question__chemistry__test_domain_count_2: 30/100 inputs; 90 outputs; 0 rejected; 0 screened out
PROGRESS 4_generate_fusion_question__chemistry__test_domain_count_2: 40/100 inputs; 120 outputs; 0 rejected; 0 screened out
PROGRESS 4_generate_fusion_question__chemistry__test_domain_count_2: 50/100 inputs; 150 outputs; 0 rejected; 0 screened out
PROGRESS 4_generate_fusion_question__chemistry__test_domain_count_2: 60/100 inputs; 180 outputs; 0 rejected; 0 screened out
PROGRESS 4_generate_fusion_question__chemistry__test_domain_count_2: 70/100 inputs; 210 outputs; 0 rejected; 0 screened out
PROGRESS 4_generate_fusion_question__chemistry__test_domain_count_2: 80/100 inputs; 240 outputs; 0 rejected; 0 screened out
PROGRESS 4_generate_fusion_question__chemistry__test_domain_count_2: 90/100 inputs; 270 outputs; 0 rejected; 0 screened out
PROGRESS 4_generate_fusion_question__chemistry__test_domain_count_2: 100/100 inputs; 300 outputs; 0 rejected; 0 screened out
START 4_generate_fusion_question__medical__test_domain_count_3: 100 inputs, 32 workers
PROGRESS 4_generate_fusion_question__medical__test_domain_count_3: 10/100 inputs; 30 outputs; 0 rejected; 0 screened out
PROGRESS 4_generate_fusion_question__medical__test_domain_count_3: 20/100 inputs; 60 outputs; 0 rejected; 0 screened out
PROGRESS 4_generate_fusion_question__medical__test_domain_count_3: 30/100 inputs; 90 outputs; 0 rejected; 0 screened out
PROGRESS 4_generate_fusion_question__medical__test_domain_count_3: 40/100 inputs; 120 outputs; 0 rejected; 0 screened out
PROGRESS 4_generate_fusion_question__medical__test_domain_count_3: 50/100 inputs; 150 outputs; 0 rejected; 0 screened out
PROGRESS 4_generate_fusion_question__medical__test_domain_count_3: 60/100 inputs; 180 outputs; 0 rejected; 0 screened out
PROGRESS 4_generate_fusion_question__medical__test_domain_count_3: 70/100 inputs; 207 outputs; 0 rejected; 1 screened out
PROGRESS 4_generate_fusion_question__medical__test_domain_count_3: 80/100 inputs; 237 outputs; 0 rejected; 1 screened out
PROGRESS 4_generate_fusion_question__medical__test_domain_count_3: 90/100 inputs; 264 outputs; 0 rejected; 2 screened out
PROGRESS 4_generate_fusion_question__medical__test_domain_count_3: 100/100 inputs; 294 outputs; 0 rejected; 2 screened out
START 4_generate_fusion_question__legal__test_domain_count_3: 100 inputs, 32 workers
PROGRESS 4_generate_fusion_question__legal__test_domain_count_3: 10/100 inputs; 30 outputs; 0 rejected; 0 screened out
PROGRESS 4_generate_fusion_question__legal__test_domain_count_3: 20/100 inputs; 60 outputs; 0 rejected; 0 screened out
PROGRESS 4_generate_fusion_question__legal__test_domain_count_3: 30/100 inputs; 90 outputs; 0 rejected; 0 screened out
PROGRESS 4_generate_fusion_question__legal__test_domain_count_3: 40/100 inputs; 120 outputs; 0 rejected; 0 screened out
PROGRESS 4_generate_fusion_question__legal__test_domain_count_3: 50/100 inputs; 150 outputs; 0 rejected; 0 screened out
PROGRESS 4_generate_fusion_question__legal__test_domain_count_3: 60/100 inputs; 180 outputs; 0 rejected; 0 screened out
PROGRESS 4_generate_fusion_question__legal__test_domain_count_3: 70/100 inputs; 210 outputs; 0 rejected; 0 screened out
PROGRESS 4_generate_fusion_question__legal__test_domain_count_3: 80/100 inputs; 240 outputs; 0 rejected; 0 screened out
PROGRESS 4_generate_fusion_question__legal__test_domain_count_3: 90/100 inputs; 267 outputs; 1 rejected; 0 screened out
PROGRESS 4_generate_fusion_question__legal__test_domain_count_3: 100/100 inputs; 297 outputs; 1 rejected; 0 screened out
START 4_generate_fusion_question__financial__test_domain_count_3: 100 inputs, 32 workers
PROGRESS 4_generate_fusion_question__financial__test_domain_count_3: 10/100 inputs; 30 outputs; 0 rejected; 0 screened out
PROGRESS 4_generate_fusion_question__financial__test_domain_count_3: 20/100 inputs; 60 outputs; 0 rejected; 0 screened out
PROGRESS 4_generate_fusion_question__financial__test_domain_count_3: 30/100 inputs; 90 outputs; 0 rejected; 0 screened out
PROGRESS 4_generate_fusion_question__financial__test_domain_count_3: 40/100 inputs; 120 outputs; 0 rejected; 0 screened out
PROGRESS 4_generate_fusion_question__financial__test_domain_count_3: 50/100 inputs; 150 outputs; 0 rejected; 0 screened out
PROGRESS 4_generate_fusion_question__financial__test_domain_count_3: 60/100 inputs; 180 outputs; 0 rejected; 0 screened out
PROGRESS 4_generate_fusion_question__financial__test_domain_count_3: 70/100 inputs; 210 outputs; 0 rejected; 0 screened out
PROGRESS 4_generate_fusion_question__financial__test_domain_count_3: 80/100 inputs; 240 outputs; 0 rejected; 0 screened out
PROGRESS 4_generate_fusion_question__financial__test_domain_count_3: 90/100 inputs; 270 outputs; 0 rejected; 0 screened out
PROGRESS 4_generate_fusion_question__financial__test_domain_count_3: 100/100 inputs; 300 outputs; 0 rejected; 0 screened out
START 4_generate_fusion_question__mathematics__test_domain_count_3: 100 inputs, 32 workers
PROGRESS 4_generate_fusion_question__mathematics__test_domain_count_3: 10/100 inputs; 30 outputs; 0 rejected; 0 screened out
PROGRESS 4_generate_fusion_question__mathematics__test_domain_count_3: 20/100 inputs; 60 outputs; 0 rejected; 0 screened out
PROGRESS 4_generate_fusion_question__mathematics__test_domain_count_3: 30/100 inputs; 90 outputs; 0 rejected; 0 screened out
PROGRESS 4_generate_fusion_question__mathematics__test_domain_count_3: 40/100 inputs; 120 outputs; 0 rejected; 0 screened out
PROGRESS 4_generate_fusion_question__mathematics__test_domain_count_3: 50/100 inputs; 150 outputs; 0 rejected; 0 screened out
PROGRESS 4_generate_fusion_question__mathematics__test_domain_count_3: 60/100 inputs; 180 outputs; 0 rejected; 0 screened out
PROGRESS 4_generate_fusion_question__mathematics__test_domain_count_3: 70/100 inputs; 210 outputs; 0 rejected; 0 screened out
PROGRESS 4_generate_fusion_question__mathematics__test_domain_count_3: 80/100 inputs; 240 outputs; 0 rejected; 0 screened out
PROGRESS 4_generate_fusion_question__mathematics__test_domain_count_3: 90/100 inputs; 270 outputs; 0 rejected; 0 screened out
PROGRESS 4_generate_fusion_question__mathematics__test_domain_count_3: 100/100 inputs; 300 outputs; 0 rejected; 0 screened out
START 4_generate_fusion_question__computer_science__test_domain_count_3: 100 inputs, 32 workers
PROGRESS 4_generate_fusion_question__computer_science__test_domain_count_3: 10/100 inputs; 30 outputs; 0 rejected; 0 screened out
PROGRESS 4_generate_fusion_question__computer_science__test_domain_count_3: 20/100 inputs; 60 outputs; 0 rejected; 0 screened out
PROGRESS 4_generate_fusion_question__computer_science__test_domain_count_3: 30/100 inputs; 90 outputs; 0 rejected; 0 screened out
PROGRESS 4_generate_fusion_question__computer_science__test_domain_count_3: 40/100 inputs; 120 outputs; 0 rejected; 0 screened out
PROGRESS 4_generate_fusion_question__computer_science__test_domain_count_3: 50/100 inputs; 150 outputs; 0 rejected; 0 screened out
PROGRESS 4_generate_fusion_question__computer_science__test_domain_count_3: 60/100 inputs; 180 outputs; 0 rejected; 0 screened out
PROGRESS 4_generate_fusion_question__computer_science__test_domain_count_3: 70/100 inputs; 210 outputs; 0 rejected; 0 screened out
PROGRESS 4_generate_fusion_question__computer_science__test_domain_count_3: 80/100 inputs; 240 outputs; 0 rejected; 0 screened out
PROGRESS 4_generate_fusion_question__computer_science__test_domain_count_3: 90/100 inputs; 270 outputs; 0 rejected; 0 screened out
PROGRESS 4_generate_fusion_question__computer_science__test_domain_count_3: 100/100 inputs; 300 outputs; 0 rejected; 0 screened out
START 4_generate_fusion_question__geography__test_domain_count_3: 100 inputs, 32 workers
PROGRESS 4_generate_fusion_question__geography__test_domain_count_3: 10/100 inputs; 30 outputs; 0 rejected; 0 screened out
PROGRESS 4_generate_fusion_question__geography__test_domain_count_3: 20/100 inputs; 57 outputs; 0 rejected; 1 screened out
PROGRESS 4_generate_fusion_question__geography__test_domain_count_3: 30/100 inputs; 87 outputs; 0 rejected; 1 screened out
PROGRESS 4_generate_fusion_question__geography__test_domain_count_3: 40/100 inputs; 117 outputs; 0 rejected; 1 screened out
PROGRESS 4_generate_fusion_question__geography__test_domain_count_3: 50/100 inputs; 147 outputs; 0 rejected; 1 screened out
PROGRESS 4_generate_fusion_question__geography__test_domain_count_3: 60/100 inputs; 177 outputs; 0 rejected; 1 screened out
PROGRESS 4_generate_fusion_question__geography__test_domain_count_3: 70/100 inputs; 207 outputs; 0 rejected; 1 screened out
PROGRESS 4_generate_fusion_question__geography__test_domain_count_3: 80/100 inputs; 237 outputs; 0 rejected; 1 screened out
PROGRESS 4_generate_fusion_question__geography__test_domain_count_3: 90/100 inputs; 267 outputs; 0 rejected; 1 screened out
PROGRESS 4_generate_fusion_question__geography__test_domain_count_3: 100/100 inputs; 297 outputs; 0 rejected; 1 screened out
START 4_generate_fusion_question__chemistry__test_domain_count_3: 100 inputs, 32 workers
PROGRESS 4_generate_fusion_question__chemistry__test_domain_count_3: 10/100 inputs; 30 outputs; 0 rejected; 0 screened out
PROGRESS 4_generate_fusion_question__chemistry__test_domain_count_3: 20/100 inputs; 60 outputs; 0 rejected; 0 screened out
PROGRESS 4_generate_fusion_question__chemistry__test_domain_count_3: 30/100 inputs; 90 outputs; 0 rejected; 0 screened out
PROGRESS 4_generate_fusion_question__chemistry__test_domain_count_3: 40/100 inputs; 120 outputs; 0 rejected; 0 screened out
PROGRESS 4_generate_fusion_question__chemistry__test_domain_count_3: 50/100 inputs; 150 outputs; 0 rejected; 0 screened out
PROGRESS 4_generate_fusion_question__chemistry__test_domain_count_3: 60/100 inputs; 180 outputs; 0 rejected; 0 screened out
PROGRESS 4_generate_fusion_question__chemistry__test_domain_count_3: 70/100 inputs; 210 outputs; 0 rejected; 0 screened out
PROGRESS 4_generate_fusion_question__chemistry__test_domain_count_3: 80/100 inputs; 240 outputs; 0 rejected; 0 screened out
PROGRESS 4_generate_fusion_question__chemistry__test_domain_count_3: 90/100 inputs; 270 outputs; 0 rejected; 0 screened out
PROGRESS 4_generate_fusion_question__chemistry__test_domain_count_3: 100/100 inputs; 300 outputs; 0 rejected; 0 screened out
START 4_generate_fusion_question__medical__test_domain_count_4: 100 inputs, 32 workers
PROGRESS 4_generate_fusion_question__medical__test_domain_count_4: 10/100 inputs; 30 outputs; 0 rejected; 0 screened out
PROGRESS 4_generate_fusion_question__medical__test_domain_count_4: 20/100 inputs; 60 outputs; 0 rejected; 0 screened out
PROGRESS 4_generate_fusion_question__medical__test_domain_count_4: 30/100 inputs; 90 outputs; 0 rejected; 0 screened out
PROGRESS 4_generate_fusion_question__medical__test_domain_count_4: 40/100 inputs; 117 outputs; 0 rejected; 1 screened out
PROGRESS 4_generate_fusion_question__medical__test_domain_count_4: 50/100 inputs; 147 outputs; 0 rejected; 1 screened out
PROGRESS 4_generate_fusion_question__medical__test_domain_count_4: 60/100 inputs; 177 outputs; 0 rejected; 1 screened out
PROGRESS 4_generate_fusion_question__medical__test_domain_count_4: 70/100 inputs; 207 outputs; 0 rejected; 1 screened out
PROGRESS 4_generate_fusion_question__medical__test_domain_count_4: 80/100 inputs; 237 outputs; 0 rejected; 1 screened out
PROGRESS 4_generate_fusion_question__medical__test_domain_count_4: 90/100 inputs; 267 outputs; 0 rejected; 1 screened out
PROGRESS 4_generate_fusion_question__medical__test_domain_count_4: 100/100 inputs; 297 outputs; 0 rejected; 1 screened out
START 4_generate_fusion_question__legal__test_domain_count_4: 100 inputs, 32 workers
PROGRESS 4_generate_fusion_question__legal__test_domain_count_4: 10/100 inputs; 30 outputs; 0 rejected; 0 screened out
PROGRESS 4_generate_fusion_question__legal__test_domain_count_4: 20/100 inputs; 60 outputs; 0 rejected; 0 screened out
PROGRESS 4_generate_fusion_question__legal__test_domain_count_4: 30/100 inputs; 90 outputs; 0 rejected; 0 screened out
PROGRESS 4_generate_fusion_question__legal__test_domain_count_4: 40/100 inputs; 120 outputs; 0 rejected; 0 screened out
PROGRESS 4_generate_fusion_question__legal__test_domain_count_4: 50/100 inputs; 150 outputs; 0 rejected; 0 screened out
PROGRESS 4_generate_fusion_question__legal__test_domain_count_4: 60/100 inputs; 180 outputs; 0 rejected; 0 screened out
PROGRESS 4_generate_fusion_question__legal__test_domain_count_4: 70/100 inputs; 210 outputs; 0 rejected; 0 screened out
PROGRESS 4_generate_fusion_question__legal__test_domain_count_4: 80/100 inputs; 240 outputs; 0 rejected; 0 screened out
PROGRESS 4_generate_fusion_question__legal__test_domain_count_4: 90/100 inputs; 267 outputs; 1 rejected; 0 screened out
PROGRESS 4_generate_fusion_question__legal__test_domain_count_4: 100/100 inputs; 297 outputs; 1 rejected; 0 screened out
START 4_generate_fusion_question__financial__test_domain_count_4: 100 inputs, 32 workers
PROGRESS 4_generate_fusion_question__financial__test_domain_count_4: 10/100 inputs; 30 outputs; 0 rejected; 0 screened out
PROGRESS 4_generate_fusion_question__financial__test_domain_count_4: 20/100 inputs; 60 outputs; 0 rejected; 0 screened out
PROGRESS 4_generate_fusion_question__financial__test_domain_count_4: 30/100 inputs; 90 outputs; 0 rejected; 0 screened out
PROGRESS 4_generate_fusion_question__financial__test_domain_count_4: 40/100 inputs; 120 outputs; 0 rejected; 0 screened out
PROGRESS 4_generate_fusion_question__financial__test_domain_count_4: 50/100 inputs; 150 outputs; 0 rejected; 0 screened out
PROGRESS 4_generate_fusion_question__financial__test_domain_count_4: 60/100 inputs; 180 outputs; 0 rejected; 0 screened out
PROGRESS 4_generate_fusion_question__financial__test_domain_count_4: 70/100 inputs; 210 outputs; 0 rejected; 0 screened out
PROGRESS 4_generate_fusion_question__financial__test_domain_count_4: 80/100 inputs; 240 outputs; 0 rejected; 0 screened out
PROGRESS 4_generate_fusion_question__financial__test_domain_count_4: 90/100 inputs; 270 outputs; 0 rejected; 0 screened out
PROGRESS 4_generate_fusion_question__financial__test_domain_count_4: 100/100 inputs; 300 outputs; 0 rejected; 0 screened out
START 4_generate_fusion_question__mathematics__test_domain_count_4: 100 inputs, 32 workers
PROGRESS 4_generate_fusion_question__mathematics__test_domain_count_4: 10/100 inputs; 30 outputs; 0 rejected; 0 screened out
PROGRESS 4_generate_fusion_question__mathematics__test_domain_count_4: 20/100 inputs; 60 outputs; 0 rejected; 0 screened out
PROGRESS 4_generate_fusion_question__mathematics__test_domain_count_4: 30/100 inputs; 90 outputs; 0 rejected; 0 screened out
PROGRESS 4_generate_fusion_question__mathematics__test_domain_count_4: 40/100 inputs; 120 outputs; 0 rejected; 0 screened out
PROGRESS 4_generate_fusion_question__mathematics__test_domain_count_4: 50/100 inputs; 150 outputs; 0 rejected; 0 screened out
PROGRESS 4_generate_fusion_question__mathematics__test_domain_count_4: 60/100 inputs; 177 outputs; 1 rejected; 0 screened out
PROGRESS 4_generate_fusion_question__mathematics__test_domain_count_4: 70/100 inputs; 207 outputs; 1 rejected; 0 screened out
PROGRESS 4_generate_fusion_question__mathematics__test_domain_count_4: 80/100 inputs; 237 outputs; 1 rejected; 0 screened out
PROGRESS 4_generate_fusion_question__mathematics__test_domain_count_4: 90/100 inputs; 267 outputs; 1 rejected; 0 screened out
PROGRESS 4_generate_fusion_question__mathematics__test_domain_count_4: 100/100 inputs; 297 outputs; 1 rejected; 0 screened out
START 4_generate_fusion_question__computer_science__test_domain_count_4: 100 inputs, 32 workers
PROGRESS 4_generate_fusion_question__computer_science__test_domain_count_4: 10/100 inputs; 30 outputs; 0 rejected; 0 screened out
PROGRESS 4_generate_fusion_question__computer_science__test_domain_count_4: 20/100 inputs; 60 outputs; 0 rejected; 0 screened out
PROGRESS 4_generate_fusion_question__computer_science__test_domain_count_4: 30/100 inputs; 90 outputs; 0 rejected; 0 screened out
PROGRESS 4_generate_fusion_question__computer_science__test_domain_count_4: 40/100 inputs; 120 outputs; 0 rejected; 0 screened out
PROGRESS 4_generate_fusion_question__computer_science__test_domain_count_4: 50/100 inputs; 150 outputs; 0 rejected; 0 screened out
PROGRESS 4_generate_fusion_question__computer_science__test_domain_count_4: 60/100 inputs; 180 outputs; 0 rejected; 0 screened out
PROGRESS 4_generate_fusion_question__computer_science__test_domain_count_4: 70/100 inputs; 210 outputs; 0 rejected; 0 screened out
PROGRESS 4_generate_fusion_question__computer_science__test_domain_count_4: 80/100 inputs; 240 outputs; 0 rejected; 0 screened out
PROGRESS 4_generate_fusion_question__computer_science__test_domain_count_4: 90/100 inputs; 270 outputs; 0 rejected; 0 screened out
PROGRESS 4_generate_fusion_question__computer_science__test_domain_count_4: 100/100 inputs; 300 outputs; 0 rejected; 0 screened out
START 4_generate_fusion_question__geography__test_domain_count_4: 100 inputs, 32 workers
PROGRESS 4_generate_fusion_question__geography__test_domain_count_4: 10/100 inputs; 30 outputs; 0 rejected; 0 screened out
PROGRESS 4_generate_fusion_question__geography__test_domain_count_4: 20/100 inputs; 60 outputs; 0 rejected; 0 screened out
PROGRESS 4_generate_fusion_question__geography__test_domain_count_4: 30/100 inputs; 90 outputs; 0 rejected; 0 screened out
PROGRESS 4_generate_fusion_question__geography__test_domain_count_4: 40/100 inputs; 120 outputs; 0 rejected; 0 screened out
PROGRESS 4_generate_fusion_question__geography__test_domain_count_4: 50/100 inputs; 150 outputs; 0 rejected; 0 screened out
PROGRESS 4_generate_fusion_question__geography__test_domain_count_4: 60/100 inputs; 180 outputs; 0 rejected; 0 screened out
PROGRESS 4_generate_fusion_question__geography__test_domain_count_4: 70/100 inputs; 210 outputs; 0 rejected; 0 screened out
PROGRESS 4_generate_fusion_question__geography__test_domain_count_4: 80/100 inputs; 240 outputs; 0 rejected; 0 screened out
PROGRESS 4_generate_fusion_question__geography__test_domain_count_4: 90/100 inputs; 270 outputs; 0 rejected; 0 screened out
PROGRESS 4_generate_fusion_question__geography__test_domain_count_4: 100/100 inputs; 300 outputs; 0 rejected; 0 screened out
START 4_generate_fusion_question__chemistry__test_domain_count_4: 100 inputs, 32 workers
PROGRESS 4_generate_fusion_question__chemistry__test_domain_count_4: 10/100 inputs; 30 outputs; 0 rejected; 0 screened out
PROGRESS 4_generate_fusion_question__chemistry__test_domain_count_4: 20/100 inputs; 60 outputs; 0 rejected; 0 screened out
PROGRESS 4_generate_fusion_question__chemistry__test_domain_count_4: 30/100 inputs; 90 outputs; 0 rejected; 0 screened out
PROGRESS 4_generate_fusion_question__chemistry__test_domain_count_4: 40/100 inputs; 120 outputs; 0 rejected; 0 screened out
PROGRESS 4_generate_fusion_question__chemistry__test_domain_count_4: 50/100 inputs; 150 outputs; 0 rejected; 0 screened out
PROGRESS 4_generate_fusion_question__chemistry__test_domain_count_4: 60/100 inputs; 180 outputs; 0 rejected; 0 screened out
PROGRESS 4_generate_fusion_question__chemistry__test_domain_count_4: 70/100 inputs; 210 outputs; 0 rejected; 0 screened out
PROGRESS 4_generate_fusion_question__chemistry__test_domain_count_4: 80/100 inputs; 240 outputs; 0 rejected; 0 screened out
PROGRESS 4_generate_fusion_question__chemistry__test_domain_count_4: 90/100 inputs; 270 outputs; 0 rejected; 0 screened out
PROGRESS 4_generate_fusion_question__chemistry__test_domain_count_4: 100/100 inputs; 300 outputs; 0 rejected; 0 screened out
